Reading Time (CST),Ambient Air RHAvg (%),Ambient Air Temp (°C),Ambient Air TempMax (°C),Ambient Air TempMin (°C),Precipitation Precip (mm),Wind WindDir,Wind WindSpeed (km/h),Wind WindSpeedMax (km/h),Wind WindSpeedMin (km/h),0-5 cm Depth Average Temp (°C),0-5 cm Depth Average WFV (%)
30/11/2018,92,-5.4,-3,-10.9,0,S,5.8,17.8,0,2.4,16.3
01/12/2018,100,-6.1,-4.1,-7.8,0,ENE,7.8,24.5,1.3,2.3,16.4
02/12/2018,100,-6.8,-5.6,-8.3,0,WSW,9.4,22.6,1.5,2.2,16.3
03/12/2018,100,-6,-4,-7.8,0,S,8.1,23.6,0,2.1,16.3
04/12/2018,89,-7.2,-3.9,-11.6,0,SW,12.5,30.1,0,2,16.2
05/12/2018,80,-10.4,-7,-20.9,0,NW,13.8,29.3,3.1,2,16.2
06/12/2018,78,-17.3,-10.8,-26.5,0,SW,8.7,18,0,1.9,16.2
07/12/2018,79,-11.9,-7.3,-16.6,0,SW,10.3,21,1.3,1.8,16.3
08/12/2018,84,-13.6,-7.7,-17.3,0,S,12.7,25.2,0,1.7,16.2
09/12/2018,75,-10.9,-3.1,-19.5,0,SW,9.6,22.8,0,1.7,16.2
10/12/2018,81,-8.7,-3.1,-16.7,0,W,8.9,21,0,1.6,16.2
11/12/2018,90,-8.5,-1.8,-16.9,0,SSE,8.7,19.1,0,1.5,16.2
12/12/2018,100,-4.6,-1.4,-9.7,0,SSE,17.3,39.1,0.1,1.3,16.1
13/12/2018,78,-2.1,0.9,-5.7,0,WSW,18.1,31.4,6.1,1.2,16.1
14/12/2018,84,-4.2,-0.2,-10.4,0,SSW,10.5,24.1,0,1.2,16.1
15/12/2018,85,-2.4,4.4,-8.2,0,S,19.1,45.9,7.3,1.1,16.2
16/12/2018,72,-4.4,3.3,-15.4,0,WNW,21.7,43.8,0,1.1,16.1
17/12/2018,84,-12.1,-8,-17.2,0,SSE,12,25.4,0,1,16
18/12/2018,89,-4.5,3.8,-10.1,0,SSE,11.9,30.8,0,1,16
19/12/2018,98,-0.7,3,-4.5,0,WSW,14.5,39.6,0,1,16.1
20/12/2018,95,-7.8,-4.5,-10.7,0,S,11.1,29.8,0.7,0.9,16
21/12/2018,97,-9.8,-7.4,-12.2,0,ESE,16.9,32.8,4.4,0.9,16
22/12/2018,96,-6.8,-4.2,-7.7,0,No Data,No Data,No Data,No Data,0.9,16
23/12/2018,85,-12.4,-7.2,-24.3,0,WNW,13.5,28.3,0,0.8,15.9
24/12/2018,87,-14.7,-10.2,-24.3,0,S,4.3,11.8,0,0.8,15.9
25/12/2018,86,-13.2,-11.2,-15.6,0,WNW,6.6,17,0,0.8,15.9
26/12/2018,88,-14.1,-12.9,-16,0,E,10.5,20.4,0,0.7,16
27/12/2018,88,-13.9,-12.3,-17.3,0,NW,22.6,39.2,10.5,0.7,15.9
28/12/2018,78,-20.8,-17.4,-23.1,0,W,14.6,35,0,0.7,15.9
29/12/2018,84,-15,-11.6,-21.7,0,SSE,15.5,29.4,0,0.6,15.9
30/12/2018,86,-13.9,-11.5,-22,0,W,18.1,36.9,0,0.5,15.8
31/12/2018,72,-25,-22.5,-28,0,NW,15.7,38.7,2.9,0.5,15.9
01/01/2019,70,-21.4,-15.7,-27.8,0,S,14.5,37.4,0,0.4,15.8
02/01/2019,88,-9.1,-3.5,-15.8,0,S,12.7,27.2,0,0.2,15.8
03/01/2019,85,1.7,3.2,-3,0,WSW,17.2,36.5,1.1,0.1,16.1
04/01/2019,92,-5.8,0.4,-11.7,0,SW,5.2,17.9,0,0,16.5
05/01/2019,90,-5.9,-2.6,-11.5,0,W,11.7,29.3,1.1,0,0
06/01/2019,91,-7.7,-3.2,-11.8,0,ESE,23.8,41.7,4.4,No Data,No Data
07/01/2019,96,-3.3,-1,-7.9,0,SW,25.1,52.7,6.1,No Data,No Data
08/01/2019,74,-13.3,-8,-18,0,WNW,32.6,53.3,17.6,No Data,No Data
09/01/2019,73,-18.2,-16.5,-20.4,0,SW,13.5,30.1,0.3,No Data,No Data
10/01/2019,84,-12.8,-10.3,-16.4,0,SE,20.3,37.5,4.7,No Data,No Data
11/01/2019,89,-10.8,-9.8,-12.6,0,NW,11.7,26.4,0.4,No Data,No Data
12/01/2019,89,-9.5,-6.2,-11.8,0,SW,9.2,23.4,0,No Data,No Data
13/01/2019,87,-6.8,-5.2,-10.6,0,WSW,12.1,29,0,No Data,No Data
14/01/2019,93,-9.1,-6.4,-11.2,0,WSW,11.9,38.2,0,No Data,No Data
15/01/2019,80,-12.8,-3.5,-21.3,0,WNW,22.3,45.6,0,No Data,No Data
16/01/2019,73,-22.6,-18.9,-27.7,0,S,6.4,13.7,0,No Data,No Data
17/01/2019,76,-19.3,-16.4,-26.4,0,WSW,6.1,17.7,0,No Data,No Data
18/01/2019,71,-26.4,-24.1,-31.1,0,WSW,7.3,21,0,No Data,No Data
19/01/2019,No Data,No Data,No Data,No Data,No Data,No Data,No Data,No Data,No Data,No Data,No Data
20/01/2019,No Data,No Data,No Data,No Data,No Data,No Data,No Data,No Data,No Data,No Data,No Data
21/01/2019,78,-14.8,-11.3,-22.2,0,SSE,19.8,32.1,5.9,No Data,No Data
22/01/2019,83,-12.6,-9.4,-17.8,0,WSW,9.2,19.8,0,No Data,No Data
23/01/2019,84,-13.9,-8.7,-18.2,0,SW,17.5,45.6,0,No Data,No Data
24/01/2019,69,-23.7,-18.6,-28.6,0,W,14.3,37.7,0,No Data,No Data
25/01/2019,75,-26.6,-21.7,-29.5,0,WSW,7.4,19.2,0,No Data,No Data
26/01/2019,70,-25.2,-22.7,-30.8,0,W,8.6,21.2,0,No Data,No Data
27/01/2019,No Data,No Data,No Data,No Data,No Data,No Data,No Data,No Data,No Data,No Data,No Data
28/01/2019,83,-18.9,-16.3,-23.6,0,WNW,13.9,38.2,2.2,No Data,No Data
29/01/2019,No Data,No Data,No Data,No Data,No Data,No Data,No Data,No Data,No Data,No Data,No Data
30/01/2019,No Data,No Data,No Data,No Data,No Data,No Data,No Data,No Data,No Data,No Data,No Data
31/01/2019,No Data,No Data,No Data,No Data,No Data,No Data,No Data,No Data,No Data,No Data,No Data
01/02/2019,89,-15.2,-7.7,-21.2,0,SSE,20.7,34.5,0,No Data,No Data
02/02/2019,88,-16.1,-14.1,-17.8,0,ESE,17.3,29.5,7.7,No Data,No Data
03/02/2019,82,-21.6,-18.1,-23,0,NNW,21.2,36,10.6,No Data,No Data
04/02/2019,81,-22.8,-20.3,-25.8,0,NNW,20.1,35.8,5.7,No Data,No Data
05/02/2019,79,-23.8,-20.8,-27.8,0,WSW,9.6,20.6,0.4,No Data,No Data
06/02/2019,82,-21,-20.4,-22.1,0,NNW,17.3,28.7,8.8,No Data,No Data
07/02/2019,79,-24,-22.3,-26.2,0,NW,21,34.8,11.1,No Data,No Data
08/02/2019,74,-25.2,-20.3,-32.4,0,W,13.7,26.1,2.5,No Data,No Data
09/02/2019,No Data,No Data,No Data,No Data,No Data,No Data,No Data,No Data,No Data,No Data,No Data
10/02/2019,No Data,No Data,No Data,No Data,No Data,No Data,No Data,No Data,No Data,No Data,No Data
11/02/2019,84,-20.2,-10.5,-29.9,0,S,5.8,13.3,0,No Data,No Data
12/02/2019,91,-13.9,-9.5,-21.7,0,W,11.6,23,0,No Data,No Data
13/02/2019,85,-18.2,-14.7,-24.3,0,SSW,9.9,24.9,0,No Data,No Data
14/02/2019,78,-17.8,-15.7,-20.8,0,NW,20.4,40.2,11.1,No Data,No Data
15/02/2019,75,-21.7,-16.2,-28.2,0,W,8.9,19.5,0,No Data,No Data
16/02/2019,77,-21.5,-16.5,-29.5,0,SSE,6.4,23.3,0,No Data,No Data
17/02/2019,76,-18,-14.1,-21.6,0,NW,13.9,24.5,5.6,No Data,No Data
18/02/2019,74,-20.7,-16.5,-26.8,0,SW,8.2,17,0,No Data,No Data
19/02/2019,75,-20.1,-12.6,-28.5,0,S,14.4,26.5,0,No Data,No Data
20/02/2019,84,-15.3,-10.3,-22.8,0,SSE,10.4,24.6,2.5,No Data,No Data
21/02/2019,83,-13,-10.4,-15.8,0,WNW,10.3,20.6,0,No Data,No Data
22/02/2019,79,-17.5,-10.7,-24.3,0,S,5.6,16.9,0,No Data,No Data
23/02/2019,83,-12.7,-6.7,-21.8,0,WSW,7.5,37.2,0,No Data,No Data
24/02/2019,70,-19.1,-11.9,-27.4,0,NW,25.6,47.6,4.9,No Data,No Data
25/02/2019,No Data,No Data,No Data,No Data,No Data,No Data,No Data,No Data,No Data,No Data,No Data
26/02/2019,68,-21.3,-14.4,-30.7,0,SSW,9.8,18.7,0,No Data,No Data
27/02/2019,71,-16.3,-9.9,-23.6,0,WSW,18.8,38.5,6.1,No Data,No Data
28/02/2019,68,-13.1,-8.8,-20.7,0,W,14.5,34.8,1.5,No Data,No Data
01/03/2019,74,-16.7,-12.8,-25.1,0,W,7.8,17.6,0,No Data,No Data
02/03/2019,69,-21.2,-18.3,-24.1,0,WNW,17.7,34.2,3.3,No Data,No Data
03/03/2019,66,-22.2,-17.1,-27,0,W,17.5,29,6.2,No Data,No Data
04/03/2019,74,-14.8,-10.3,-19.8,0,WNW,20.4,39.2,7.3,No Data,No Data
05/03/2019,74,-14.1,-9.4,-21.8,0,W,9.7,24.7,0,No Data,No Data
06/03/2019,73,-15,-11.9,-23.1,0,NW,12.4,35.6,2.3,No Data,No Data
07/03/2019,78,-17.6,-10.4,-26.8,0,S,11.6,26.7,0,No Data,No Data
08/03/2019,84,-9.5,-4.4,-13.4,0,SSE,16.3,25.9,5.5,No Data,No Data
09/03/2019,81,-5.5,-1,-9.3,0,WSW,13.9,24.8,4.8,No Data,No Data
10/03/2019,79,-11.2,-6.4,-19.1,0,WNW,13.7,29.6,1.1,No Data,No Data
11/03/2019,83,-12.7,-3.3,-22.7,0,S,12.9,31.9,0,No Data,No Data
12/03/2019,84,-5.7,1.4,-13.2,0,SSE,14.4,28.6,1.3,No Data,No Data
13/03/2019,84,-4.1,0.5,-12.7,0,WNW,12.3,29.8,0,No Data,No Data
14/03/2019,74,-0.9,0.5,-5.1,0,NW,25.8,46.8,9.7,No Data,No Data
15/03/2019,77,-6.1,-3.3,-16.2,0,WNW,15.5,32.3,1.7,No Data,No Data
16/03/2019,81,-8.7,1,-19.2,0,SSW,8.8,20,0,No Data,No Data
17/03/2019,81,-2.7,2.7,-8.6,0,WNW,9.8,21.6,1.7,No Data,No Data
18/03/2019,87,-3.3,2.1,-11.2,0,SW,11.4,27.2,0.9,No Data,No Data
19/03/2019,87,-1,4.1,-10,0,WSW,13.7,36.8,0,No Data,No Data
20/03/2019,85,1.2,4.8,-2.1,0,W,10.5,22.6,0,No Data,No Data
21/03/2019,77,3.4,7.2,-1.7,0,WNW,13.4,32.1,2.9,No Data,No Data
22/03/2019,91,0.1,4.7,-5.9,0,S,8.1,17.2,0,No Data,No Data
23/03/2019,88,2.4,10,-4.5,0,SSW,13.3,40.9,2.8,No Data,No Data
24/03/2019,67,-5.5,-1.3,-9,0,NE,20.8,42.5,3.2,No Data,No Data
25/03/2019,66,-4,1.3,-9.2,0,SE,8,17.8,0,No Data,No Data
26/03/2019,92,0.6,3.8,-3.5,0,SSE,16.7,28,8.8,No Data,No Data
27/03/2019,87,3.6,9.1,0.3,0,WSW,16.9,44.1,4.5,No Data,No Data
28/03/2019,77,0.2,2.5,-2,0,W,11.5,24.6,0,No Data,No Data
29/03/2019,78,-0.4,2.9,-4.2,0,WNW,19.6,42.8,4.8,No Data,No Data
30/03/2019,69,-2.4,3.1,-5.7,0,SW,9.7,21.8,0.7,No Data,No Data
31/03/2019,87,0.2,4.1,-2.6,0,SSW,5.8,15.3,0,No Data,No Data
01/04/2019,76,2.7,7.3,-1,0,WSW,13.5,36.6,0,No Data,No Data
02/04/2019,79,-0.8,3.4,-3.6,0,WNW,16.6,42.9,2.1,No Data,No Data
03/04/2019,71,-1.5,4.7,-5.5,0,SW,12,28.6,0,No Data,No Data
04/04/2019,89,0.4,3.4,-2.1,0,SSE,24.4,44.9,0.7,No Data,No Data
05/04/2019,95,0.4,1.7,-0.6,0,WNW,12.4,30,1.4,No Data,No Data
06/04/2019,96,2.1,7.3,-2.2,0,ENE,11.4,23.7,0,No Data,No Data
07/04/2019,96,6,12.6,3.1,0,S,6.9,18.1,0,No Data,No Data
08/04/2019,93,3.5,6.9,-1.9,0,WSW,12.5,31.5,0,No Data,No Data
09/04/2019,76,-4.4,-2.2,-5.6,0,SW,15.6,27.7,3.8,No Data,No Data
10/04/2019,73,-0.3,4.9,-4.8,0,NE,13.7,28.9,3.4,No Data,No Data
11/04/2019,68,0.8,4.5,-3.1,0,NE,19.1,38.3,8.1,No Data,No Data
12/04/2019,81,0.1,2.9,-1.9,0,ENE,21.3,46.8,4.9,No Data,No Data
13/04/2019,57,3.5,12,-3.2,0,WSW,10,21.9,0,No Data,No Data
14/04/2019,74,3.4,9.7,-2.5,0,SE,23.6,43.6,8,No Data,No Data
15/04/2019,85,5.7,15.4,0.2,0,SSE,20.3,38.6,0,No Data,No Data
16/04/2019,68,8.4,16.5,-0.1,0,SW,11.3,30.2,0,No Data,No Data
17/04/2019,67,8.3,14.5,3.2,0,ENE,12.2,24.3,1.4,No Data,No Data
18/04/2019,57,8.3,15.9,0.6,0,WNW,9.1,24.2,0.4,No Data,No Data
19/04/2019,60,12,21.4,-0.7,0,S,17.7,44.7,0,No Data,No Data
20/04/2019,55,12.4,18.8,7.6,0,S,8.8,23.4,0,No Data,No Data
21/04/2019,51,12.1,21.4,2,0,S,7.1,33.6,0,No Data,No Data
22/04/2019,58,9.6,17,2,0,WSW,12.2,28.7,0,No Data,No Data
23/04/2019,61,10.6,19.3,-1.1,0,SSE,16.2,42.3,0,No Data,No Data
24/04/2019,42,14,21.1,4,0,WNW,14.3,33.7,0,No Data,No Data
25/04/2019,48,8.4,14.9,1.3,0,WNW,20.5,52.3,2.8,No Data,No Data
26/04/2019,56,5.8,12.8,-2.9,0,WSW,12.8,39,0,No Data,No Data
27/04/2019,50,5.1,11.8,-2.7,0,ENE,10.7,30.2,0,0,0
28/04/2019,54,4.7,8.3,0.8,2.6,ENE,20.1,35.6,7.1,0.2,20.3
29/04/2019,97,1.7,4.9,-0.2,1.6,ENE,12.3,29.2,0,0.3,20.1
30/04/2019,83,4,8.7,-0.9,0,ESE,8.1,18.8,0,0.5,19.8
01/05/2019,87,4.4,11.1,-0.3,0,SW,5.4,15.5,0,0.5,19.7
02/05/2019,62,7.5,16.8,-2.6,0,S,9.8,30.3,0,0.5,19.6
03/05/2019,68,10,17.2,4,3.2,SSW,13.3,30.3,0,0.4,17.4
04/05/2019,47,8.1,13.7,3.1,0,W,21,45.4,3.2,0.3,16.8
05/05/2019,62,2.4,6.1,-2.8,0,NW,13.1,31.8,1.9,0.4,16.9
06/05/2019,58,1.4,7.4,-3.5,0,SW,8.9,22.7,0,0.6,17
07/05/2019,49,6.7,16.3,-6.4,0,SSE,12.2,30.1,0,0.7,17.1
08/05/2019,54,7.2,11.4,0.7,0,WSW,18.7,38.4,1.1,0.7,17
09/05/2019,42,6.2,12.8,-1.4,0,W,16.2,38.4,0,0.9,17.1
10/05/2019,38,9.6,17.9,-4.2,0,S,16.9,40.1,0,1,17.1
11/05/2019,57,13.9,22,7.1,3.8,S,15.5,46.8,0,1.2,17.1
12/05/2019,66,11.6,19.4,3,0.2,SW,9.3,25.7,0,1.4,17.1
13/05/2019,44,17.9,27.3,6,0,SSW,11.3,31.3,0,1.7,17
14/05/2019,39,13.2,18.3,4.1,0,W,16.2,33.1,1,2.1,17.1
15/05/2019,67,9.9,16.3,0.2,4.2,SSE,14.1,36.8,0,2.6,17.1
16/05/2019,64,8.2,12.1,3.4,0,WNW,20.7,41.3,2.1,3,17.2
17/05/2019,51,8.9,17.1,-2.8,0,ENE,12.9,36.4,0,3.3,17.2
18/05/2019,44,8.2,13.3,2.8,0,NE,25.4,45.5,8.4,3.5,17.1
19/05/2019,41,9.8,15.9,2.4,0,NE,18.6,39.6,3.8,3.8,17.2
20/05/2019,42,14.2,23.5,4.5,0,S,8.9,27.2,0,4,17.2
21/05/2019,34,16.2,26,1.6,0,E,14.5,36.6,0,4.3,17.3
22/05/2019,73,11,14.3,8.6,2,E,21.5,43.6,9.8,4.7,17.2
23/05/2019,60,14.3,23,7.1,0,SSW,12.2,26.1,0.2,5.1,17.3
24/05/2019,96,9.4,13.2,6.1,12,ESE,16.8,39.6,4.3,5.4,17.3
25/05/2019,78,13.1,21.5,7.2,0.6,W,13.2,28.8,0,5.7,17.2
26/05/2019,93,6.2,8.2,3.2,8.6,SE,9.6,26.8,0,5.9,17.3
27/05/2019,64,10.7,20,0.6,0.2,SSE,7.1,24.1,0,6.1,17.3
28/05/2019,48,17.2,26.6,2.7,0,SW,13,32.2,0,6.1,17.4
29/05/2019,47,19.5,28.6,6.9,0,SW,6.3,20.1,0,6.2,17.5
30/05/2019,43,22.3,33,9.9,0,WSW,12.6,35.1,0,6.5,17.5
31/05/2019,51,12.8,17.7,8.2,0,NW,19.7,37.3,1.7,7,17.6
01/06/2019,44,13,19.7,2.9,0,W,12.5,39.3,0.3,7.6,17.7
02/06/2019,39,12.9,21.5,2.3,0,SE,11,24.6,0,8,17.8
03/06/2019,43,20.8,33.6,7.8,0,SSE,19.4,45.6,1.4,8.3,17.8
04/06/2019,58,20.2,29.8,13.2,0,W,13.2,35.6,0,8.5,17.8
05/06/2019,55,19.5,29.9,10.9,0,SSW,9.9,30.1,0,8.9,17.8
06/06/2019,46,21.4,31.1,11.2,0,SE,13.5,30.6,0.4,9.3,17.8
07/06/2019,51,26.1,37.2,15.1,0,SSE,22.9,52.6,2.8,9.7,17.9
08/06/2019,82,17.1,22.7,10.4,3.2,WNW,13.5,38.7,1.8,10.2,17.9
09/06/2019,62,14.7,21.1,8.7,0.2,W,13.6,34.5,0,10.6,17.9
10/06/2019,51,14.8,22.2,7.5,0,W,9.6,30.6,0,10.8,17.9
11/06/2019,51,14.1,19.3,4.6,0.4,SW,13.9,40.3,0,10.9,17.9
12/06/2019,42,13.7,22.1,1.7,0,SSW,5.4,21.2,0,11.1,17.9
13/06/2019,47,18.8,27.1,7.2,0,S,11.6,31.3,0,11.1,17.9
14/06/2019,46,20.2,27.3,11.1,0,ENE,13.1,33.2,0,11.2,17.9
15/06/2019,71,13.5,16.9,11.3,3.4,SE,12.4,30.1,0,11.4,18
16/06/2019,95,12.9,15.5,10.8,7.2,ENE,11.9,23.4,0,11.6,18
17/06/2019,86,15.4,20.4,11.6,6.2,WSW,9.4,23,0.1,11.6,17.9
18/06/2019,71,17.6,25,11.1,0,SW,6.5,18,0,11.5,17.9
19/06/2019,61,19.5,28.9,7.9,0,SE,5.8,20,0,11.5,17.9
20/06/2019,60,19.9,28.4,9.6,0,ESE,12.2,33.2,0,11.5,18
21/06/2019,70,19,24.5,13.4,6.8,ESE,15.5,39.1,0,11.7,18
22/06/2019,85,18.4,23.3,14.1,8,SSE,19.8,38.1,5.4,12,18
23/06/2019,72,19.5,25.9,13.1,0,SW,12.6,27.2,0,12.1,18.1
24/06/2019,69,19.8,28.3,11.1,0,W,9,31.2,0,12.2,18.1
25/06/2019,67,20.5,27,13.7,0,W,14.2,35.7,0,12.3,18.2
26/06/2019,60,21.5,29.6,13,0,W,9.9,33.4,0,12.5,18.2
27/06/2019,61,22.2,30.6,14,0,E,7.1,18.1,0,12.8,18.3
28/06/2019,55,23.4,32.4,12.9,0,SE,7.6,19.5,0,13.1,18.4
29/06/2019,80,21.5,31,14.5,5.6,SE,9.8,35,0,13.4,18.3
30/06/2019,61,24.4,31.6,17.1,0,WSW,13.6,37.9,1.5,13.7,18.5
01/07/2019,57,22.5,29.4,14.2,0,SW,9.7,27.6,2.4,14,18.4
02/07/2019,65,21.2,27.2,14.2,1,WSW,11.2,46.3,0,14.3,18.4
03/07/2019,78,17.7,24.1,13.8,2.8,WSW,5.9,14.6,0,14.6,18.4
04/07/2019,70,19.9,27.4,11.9,0,W,7,19.3,0,14.8,18.4
05/07/2019,64,19.6,24.6,13.7,0,WSW,9.9,24.7,1.8,14.9,18.4
06/07/2019,61,17.4,24.6,5.4,0,WSW,6.1,22.3,0,15,18.4
07/07/2019,60,21.5,30.6,9.2,0,SSE,8.1,24.8,0,15.1,18.3
08/07/2019,83,21.8,31.1,17.6,0,SSE,10,30.3,0,15.3,18.3
09/07/2019,99,19.5,23.1,15.4,18.2,SE,6.7,25.3,0,15.5,18.3
10/07/2019,80,20.9,25.8,14.8,13.2,NW,13.8,31.8,0,15.5,18.3
11/07/2019,83,22,29.3,12.3,1.8,SSW,13,37.4,0,15.6,18.4
12/07/2019,85,20.4,26.6,15.4,0.2,SW,5.4,18.9,0,15.6,18.6
13/07/2019,79,23.1,31.4,13.1,0,S,4.4,16.6,0,15.6,18.7
14/07/2019,89,24.4,30.4,19,8.4,SSE,10.4,38.8,0,15.7,18.8
15/07/2019,80,24.2,28.2,17.9,1.8,WSW,11.5,33.3,0,15.8,18.8
16/07/2019,81,21.9,28,16.5,0,WSW,4.6,15.8,0,16,18.8
17/07/2019,95,20.5,26.8,16.9,4.2,SSE,4.7,15.4,0,16.2,18.7
18/07/2019,83,21.5,28.5,15,0,SW,6.8,28.7,0,16.3,18.8
19/07/2019,74,20,26,12.8,0,WSW,11.6,33.7,2.3,16.4,18.7
20/07/2019,77,18.5,24.2,12.2,0,WNW,9.4,25.4,0.4,16.4,18.7
21/07/2019,72,17.4,24.3,10.4,0,WSW,4.8,15.2,0,16.4,18.6
22/07/2019,72,19.2,27.3,9.1,0,No Data,No Data,No Data,No Data,16.4,18.5
23/07/2019,74,21.2,30.1,11.5,0,No Data,No Data,No Data,No Data,16.4,18.4
24/07/2019,71,22.4,31,11,0,SSE,8.3,25.4,0,16.4,18.4
25/07/2019,68,23.4,29.8,17.2,0,SW,12.3,26.9,2,16.4,18.4
26/07/2019,75,20,25,15.5,0.2,WSW,13.2,31.7,2.3,16.5,18.3
27/07/2019,72,23,30.9,15.9,0,WSW,7.6,20,0.1,16.6,18.2
28/07/2019,70,21.2,28,14.8,0.2,SW,12,29.8,2,16.6,18.1
29/07/2019,60,16.6,21.4,6.4,0,NW,14.5,32.5,0,16.7,18.1
30/07/2019,63,16.7,28.2,3.6,0,SSE,4,21.5,0,16.7,18
31/07/2019,75,20.6,31.6,6.6,0,No Data,No Data,No Data,No Data,16.6,18
01/08/2019,72,24.3,33.5,14.5,0,SE,4.2,13.2,0,16.5,17.9
02/08/2019,71,25.3,34.5,15.8,0,ESE,3.6,16,0,16.5,17.9
03/08/2019,73,24.9,33.1,15.3,0,SSE,8.5,25.3,0,16.5,17.7
04/08/2019,66,24.5,32,16.5,0,WSW,9.1,25,0,16.7,17.7
05/08/2019,64,21.3,29.2,13.4,0,No Data,No Data,No Data,No Data,16.8,17.7
06/08/2019,69,21.3,30.6,11.5,0,W,8.3,26.5,0,16.9,17.6
07/08/2019,60,18.5,23.2,14.2,0,WNW,12.5,26.1,0,17,17.6
08/08/2019,59,17.4,25.6,9.6,0,No Data,No Data,No Data,No Data,16.9,17.5
09/08/2019,62,19,30.1,6.9,0,No Data,No Data,No Data,No Data,16.9,17.4
10/08/2019,88,18.3,25.8,12.1,2,No Data,No Data,No Data,No Data,16.8,17.4
11/08/2019,65,18.2,26.5,10.8,0.2,SE,4,16.3,0,16.7,17.3
12/08/2019,87,14.9,20.7,7.7,10.4,No Data,No Data,No Data,No Data,16.6,17.2
13/08/2019,79,17.5,25.9,10.1,10.2,SE,4.2,14.8,0,16.5,17.2
14/08/2019,74,17.2,26.1,7.9,0,SW,6.2,22.5,0,16.3,17.1
15/08/2019,74,19.3,26.5,12.3,0,SW,6.9,22.9,0.7,16.1,17.1
16/08/2019,67,20.6,29.8,10,0,SW,5.6,20.2,0,15.9,17
17/08/2019,72,17.8,21.6,9.1,0.2,WSW,8.6,22,0,15.8,16.9
18/08/2019,59,16.9,25.3,6.5,0,WSW,12.4,33.1,4,15.7,16.9
19/08/2019,56,19.8,28.3,11.3,0,SW,7,19.3,0,15.6,16.9
20/08/2019,64,17.6,24.1,12.1,0,W,10.1,23.3,1.1,15.5,16.8
21/08/2019,65,15.5,21.7,9,0,WNW,8.7,23.7,2.2,15.5,16.7
22/08/2019,70,15.8,26.2,5.2,0,SSE,5.3,18.4,0,15.5,16.7
23/08/2019,69,18.2,28.1,7.8,1.6,SE,11,26.7,1.7,15.4,16.7
24/08/2019,70,22.8,30.1,16.3,0,SSE,16.2,37.6,4.4,15.3,16.7
25/08/2019,92,18.9,21.8,16.2,19.8,SSE,11.6,24.6,0.5,15.3,16.6
26/08/2019,94,17.4,22.2,13.1,5.8,WSW,8.6,39,0,15.3,16.6
27/08/2019,84,13.4,14.3,12.3,0.4,WNW,19.3,36.5,5.4,15.3,16.5
28/08/2019,70,15.8,23.6,9.7,1.8,W,14.3,28.4,3.3,15.3,16.4
29/08/2019,66,15.2,21.1,9.3,0,WNW,14.5,34.8,1.5,15.1,16.4
30/08/2019,69,14.9,23.4,6.8,0,WSW,6.5,20.5,0,14.8,16.4
31/08/2019,89,15.2,23.5,10.2,8,SE,6.4,15.9,0,14.7,16.4
01/09/2019,84,17.1,22.7,9.5,3.6,SW,7.2,20.7,0,14.5,16.3
02/09/2019,90,11.8,17.2,5.1,0,ESE,7.3,23.5,0,14.4,16.3
03/09/2019,89,12.5,15.5,5.9,0.4,WNW,11.8,28.7,0,14.4,16.3
04/09/2019,76,15.8,26.7,4.6,0,S,9.3,23.5,0,14.2,16.3
05/09/2019,84,17.4,24.1,12.2,1.2,No Data,No Data,No Data,No Data,No Data,No Data
06/09/2019,73,16.6,22.9,10.6,0,WNW,10.5,30.6,0,No Data,No Data
07/09/2019,80,10.9,16.7,5.9,0,E,5.9,15.9,0.3,No Data,No Data
08/09/2019,78,10.7,20.7,0.7,0,No Data,No Data,No Data,No Data,No Data,No Data
09/09/2019,96,10.6,16.5,3.2,21,No Data,No Data,No Data,No Data,13.8,16.1
10/09/2019,96,12.7,15,11.2,3.4,NE,6.1,16.6,0,13.6,16.1
11/09/2019,89,12.7,16.3,9.5,0,ENE,8.1,17.9,0.1,13.5,16.1
12/09/2019,96,10.3,12.2,9.1,10.2,ENE,8.8,17.3,2.6,13.4,16.1
13/09/2019,84,11.4,17.7,4.8,5,No Data,No Data,No Data,No Data,13.3,16.1
14/09/2019,91,12.2,21.3,3.5,0.4,No Data,No Data,No Data,No Data,13.1,16
15/09/2019,73,18.5,30.3,7.9,0,No Data,No Data,No Data,No Data,13,16
16/09/2019,87,21.4,30.2,12.7,0,No Data,No Data,No Data,No Data,12.8,15.9
17/09/2019,86,23.7,29.8,19.4,0,SE,10.5,28.6,2.2,12.9,15.8
18/09/2019,86,20.2,24.2,16,0,SW,14.2,33.8,2.3,13.1,15.8
19/09/2019,83,17.7,24.3,11.4,0,S,5.9,19.6,0,13.3,15.8
20/09/2019,98,17.7,23.6,13.3,39.6,ESE,11,27.6,1,13.5,15.9
21/09/2019,100,15.5,18.8,11.9,11.6,WSW,10,35.9,0,13.6,15.9
22/09/2019,85,14,20.4,8.8,0.2,WSW,9.2,24,0,13.8,15.9
23/09/2019,75,16,25.8,6.7,0,S,9.4,32,0,13.8,15.9
24/09/2019,86,14.3,21.3,10.4,8.4,WSW,6.8,28.9,0,13.7,15.8
25/09/2019,78,9.7,13.5,2.9,0,W,13.8,32.6,0,13.6,15.9
26/09/2019,90,8.3,13.5,2.8,15,S,9.4,21.9,0,13.5,15.8
27/09/2019,84,7.8,12.9,3.4,0.4,WNW,7.6,18.7,0.7,13.3,15.8
28/09/2019,72,6.2,10.7,0.6,0,SSW,5.3,16.2,0,13,15.8
29/09/2019,98,5.3,6,4.4,21,NE,11.9,29.7,1.6,12.7,15.8
30/09/2019,100,5.1,5.9,3.4,12.8,SSE,11.8,25.5,2.5,12.4,15.9
01/10/2019,93,4,6.6,0.9,0,W,11.8,25.2,0.9,12,16.8
02/10/2019,89,4.5,5.8,2.8,0,ESE,5.1,12.6,0,11.6,18.9
03/10/2019,91,4.9,8.1,0.3,4.6,W,5.2,18.3,0,11.3,19.5
04/10/2019,88,6.5,8.5,2,0,SE,11.1,25.2,2.1,11,19.7
05/10/2019,98,6.6,8,5.5,16.4,SSW,9.4,27.1,0,10.8,19.9
06/10/2019,72,10.2,14.8,5.1,0,W,20,42,0.9,10.5,20.7
07/10/2019,72,9.6,19.7,-0.6,0,S,10.1,31.1,0,10.3,19.7
08/10/2019,72,13.4,22.5,5.7,0,S,9.5,23.7,0,10.2,19.1
09/10/2019,90,4.5,8.9,1.5,0.4,NNW,20.7,35.7,10.5,10.2,19
10/10/2019,97,0.1,1.5,-0.6,1.2,NNW,24.7,43.8,11.4,10.2,19
11/10/2019,100,-0.2,0,-0.6,6.6,NNW,31.6,53.3,15.9,10,19
12/10/2019,100,0.3,1.1,0,5.8,NNW,17.3,33.3,7.8,9.7,19.2
13/10/2019,99,0.8,2.2,0.1,0.6,WNW,11.3,22.9,3.3,9.2,19.7
14/10/2019,91,2.2,7.2,-2.7,0,SSE,3.3,11.2,0,8.8,20.6
15/10/2019,100,1.8,2.8,1.1,0.2,W,9.8,23.9,0,8.3,21.5
16/10/2019,96,2.2,5.2,0.3,0,S,5.9,13.1,0,7.9,22.5
17/10/2019,90,4.6,10.9,-1.4,0,SE,9.8,21.6,1.8,7.5,23.9
18/10/2019,89,7.7,12.5,3.8,0,SSE,9,20.6,1.5,7.3,25.1
19/10/2019,89,5.7,11.9,1.2,0,SW,7.3,16.9,0,7.2,26.6
20/10/2019,88,6.1,14.1,-2.1,0,SSW,4.6,18.9,0,7.2,27.9
21/10/2019,82,5.4,8.7,3.2,0.6,NW,16.4,36.3,0.5,7.3,28.4
22/10/2019,75,3,4.8,1.6,0,NW,23.9,41.2,7.2,7.3,28.9
23/10/2019,73,1.3,4.6,-1.8,0,NW,14.8,34.6,3.8,7.4,29.5
24/10/2019,71,1,6.1,-4.2,0,SW,8.4,18.6,1.6,7.3,29.8
25/10/2019,73,6.8,14.9,-0.1,0,S,11.3,25.3,4,7.2,30.3
26/10/2019,68,7.4,10.9,3,0,W,20.6,42.8,8.3,7.1,30.7
27/10/2019,69,-0.5,2.8,-2.8,0,WNW,17.2,30.7,3.8,7,31
28/10/2019,69,-2.7,1.4,-7,0,SW,14.3,28.2,3.7,7,31.1
29/10/2019,75,-5.3,-2.8,-7.5,0,WSW,19.9,39.1,7.4,6.9,31.3
30/10/2019,76,-5.5,-0.6,-8.7,0,WSW,10.6,20.7,2,6.7,31.4
31/10/2019,77,-2.3,2.8,-9.2,0,SW,9.8,25.4,1.9,6.4,31.5
01/11/2019,86,-0.6,2.6,-3.2,0,WNW,13.3,26.4,2.7,6.2,31.6
02/11/2019,84,-1.3,4.4,-6.6,0,WSW,7.9,19.2,0,6,31.6
03/11/2019,93,-0.6,3.8,-6.8,0.2,WSW,6.8,17.9,0,5.8,31.7
04/11/2019,79,-6.2,-1.7,-13.4,0,WNW,13.1,35.4,0,5.6,31.8
05/11/2019,72,-9.2,-4.9,-14.1,0,W,10.1,28.3,1.4,5.5,31.9
06/11/2019,75,-10.5,-6.4,-20.7,0,W,13.4,28.9,0,5.3,31.9
07/11/2019,75,-13.6,-5.3,-21.2,0,S,5.1,12.5,0,5.2,32.1
08/11/2019,89,-4,0,-10.5,0,S,9.2,20,1.4,5,32.1
09/11/2019,87,-4.9,-3,-10.1,0,NW,13.9,35.8,3.6,4.9,32
10/11/2019,75,-12.4,-9.7,-17,0,NW,11.5,26,3.3,4.7,32.1
11/11/2019,71,-16.1,-12,-19,0,WSW,12.1,22.9,2.4,4.6,32
12/11/2019,78,-11.5,-5.9,-19.2,0,SSE,14.5,36.1,3.9,4.4,32
13/11/2019,80,-9.8,-5,-18.3,0,WNW,9.6,25.9,0,4.3,32
14/11/2019,78,-6.4,1.4,-17.7,0,W,10.2,35.7,0,4.2,31.9
15/11/2019,74,-4.8,-2.3,-7.5,0,E,8.6,19.4,0,4.1,32
16/11/2019,84,0.4,7.1,-3.2,0,SSW,17,33.4,6,4,31.9
17/11/2019,88,-2.2,-1.3,-3.2,0,WSW,11,28.6,0,3.9,31.8
18/11/2019,92,2.2,8.2,-2.2,0,SSW,10.3,23.8,0,3.8,31.8
19/11/2019,98,1.8,3.4,0,0,No Data,No Data,No Data,No Data,3.7,31.9
20/11/2019,98,-2.5,0,-7.7,0,No Data,No Data,No Data,No Data,3.6,31.8
21/11/2019,84,-11.5,-7.8,-17.3,0,W,12.7,30.9,0,3.5,31.9
22/11/2019,84,-5,-0.4,-12.2,0,S,13.1,26.5,1.1,3.4,31.9
23/11/2019,80,1,4.7,-4,0,WSW,17.3,35,5.4,3.4,31.9
24/11/2019,91,1.2,4.7,-1.7,0,S,8.4,22.9,0,3.3,31.9
25/11/2019,100,0,0.4,-0.9,0,W,12.8,25.6,3.7,3.2,32
26/11/2019,99,-1.9,-0.9,-4,0,W,9.2,19.6,1.9,3.2,31.9
27/11/2019,84,-6,-4,-10.6,0,NW,11.7,25,1.6,3.1,32.1
28/11/2019,85,-8.1,-5.6,-11.4,0,E,6.9,15.5,0,3.1,32
29/11/2019,94,-3.9,-2,-6.5,0,E,8.7,17.9,0.6,3,32.1
30/11/2019,96,-2.7,-1.4,-7,0,SE,13,25.8,4,3,32
01/12/2019,96,-7.8,-6.5,-11.4,0,WNW,12.5,27.6,0.9,3,32.1
02/12/2019,89,-6.4,-0.5,-12.1,0,S,12.3,26.3,3.3,2.9,32.1
03/12/2019,74,-1.7,1,-6.8,0,W,18,36.6,4.8,2.9,32.1
04/12/2019,88,-2.4,0.1,-6.1,0,WSW,12.2,31,0,2.9,32.1
05/12/2019,90,-5.8,-2.2,-9,0,WNW,11.5,30.5,0,2.9,32.2
06/12/2019,90,-8.4,-4.3,-13.4,0,SSE,9.2,23.3,0,2.8,32.2
07/12/2019,99,-3,0.1,-10.4,0,SSW,14.7,37,0,2.8,32
08/12/2019,72,-16.4,-8,-18.9,0,WNW,21.2,42.2,7.4,2.7,32
09/12/2019,73,-19,-13.3,-24.2,0,W,11.5,34.5,0,2.7,32.1
10/12/2019,68,-21.7,-18.2,-24.9,0,W,17.6,31.2,6.9,2.6,32
11/12/2019,68,-20,-16.2,-23.2,0,SSW,9,23.4,0,2.6,32
12/12/2019,75,-18.2,-14,-22.7,0,E,4.9,13.4,0,2.5,31.9
13/12/2019,84,-13.7,-11.4,-18.9,0,SSW,14.2,29.7,4.2,2.4,31.8
14/12/2019,75,-23.4,-19,-28.3,0,W,9.4,25.7,0,2.3,31.8
15/12/2019,78,-15.7,-8.2,-25.7,0,SSW,13.9,30.7,5.7,2.3,31.7
16/12/2019,77,-13.1,-5.1,-24.6,0,SW,12.7,23.5,0,2.2,31.8
17/12/2019,74,-20.1,-12.1,-27.8,0,S,9.6,23.5,0,2.1,31.7
18/12/2019,80,-14.9,-6.8,-23.8,0,S,18.6,36.9,0,2.1,31.5
19/12/2019,83,-11.3,-7.7,-14.8,0,SSE,9.4,21.8,1.5,2,31.3
20/12/2019,89,-12.7,-8.9,-18.4,0,SE,10.8,30.3,0,1.9,31.1
21/12/2019,89,-7.6,0.4,-12.5,0,SSW,9.5,27.8,0,1.8,30.9
22/12/2019,85,-4.2,5.8,-14.4,0,SW,12.4,29.5,0,1.7,30.7
23/12/2019,84,-10.2,-7,-13.1,0,SSE,7.2,18.5,0,1.7,30.5
24/12/2019,89,-7.4,-4,-12.5,0,W,9.3,22.4,0,1.6,30.2
25/12/2019,95,-8.6,-7.1,-10.4,0,SE,8.6,17.2,0,1.6,30
26/12/2019,93,-6.6,-3.6,-8.9,0,W,11.9,24,3.2,1.5,29.6
27/12/2019,77,-6.3,-0.5,-10.4,0,SSW,14.8,24.9,3.5,1.5,29.4
28/12/2019,86,-9.9,-7,-14.5,0,WSW,7.5,21.2,0,1.4,29.1
29/12/2019,88,-11,-9.7,-12.1,0,NNW,20.9,35.5,7.5,1.4,28.8
30/12/2019,86,-11.4,-9.2,-12.7,0,NW,20.4,33.4,8.9,1.3,28.4
31/12/2019,90,-11.8,-8.9,-14.4,0,SW,11.1,23.1,2.7,1.3,28.1
01/01/2020,93,-5.8,-0.1,-12.1,0,S,8.3,23.3,0,1.2,27.7
02/01/2020,90,-5.6,-4.7,-8.1,0,WNW,10.8,23.8,0,1.2,27.4
03/01/2020,90,-4.2,-1,-9.3,0,WSW,8.9,23.7,0,1.1,27.1
04/01/2020,96,-5.2,-3.7,-7.1,0,S,16.7,35.3,1.1,1.1,26.8
05/01/2020,77,-3.2,0.6,-9.1,0,W,25.2,53.5,0,1,26.7
06/01/2020,77,-6.2,0.8,-14.4,0,SW,17.8,51,0,1,26.4
07/01/2020,69,-16.2,-7.4,-20.7,0,NW,15.5,51.4,3.9,1,26.3
08/01/2020,79,-19.2,-14.7,-26.1,0,SE,16.4,33.5,0,1,26.1
09/01/2020,82,-13.4,-10.6,-18,0,SSW,14.6,33.8,2.3,0.9,25.8
10/01/2020,68,-22,-17.6,-30.5,0,WSW,16.5,39.1,0,0.8,25.5
11/01/2020,74,-22.7,-17,-30.1,0,SE,13,29.1,0,0.8,25.1
12/01/2020,79,-12.7,-9.7,-16.9,0,SE,19.4,32,8.8,0.7,24.8
13/01/2020,92,-9.1,-6.7,-10.6,0,SW,10.5,20.5,0.2,0.7,24.4
14/01/2020,74,-18,-10.3,-23,0,WNW,18.7,33.9,7.3,0.6,24.2
15/01/2020,69,-22.8,-21.3,-26.4,0,WNW,15.6,28,7,0.6,23.8
16/01/2020,No Data,No Data,No Data,No Data,No Data,No Data,No Data,No Data,No Data,0.5,23.6
17/01/2020,86,-13.7,-5.9,-26.3,0,SE,16,32.7,2.5,0.5,23.4
18/01/2020,81,-16.5,-13.7,-17.3,0,NW,28.7,48.5,10.8,0.5,23.1
19/01/2020,79,-17.6,-15.2,-25.2,0,NW,11.9,29.3,1.7,0.5,22.8
20/01/2020,77,-20.3,-12.1,-28.6,0,S,14.7,31.5,0,0.4,22.6
21/01/2020,91,-11.5,-7.1,-16,0,SSE,20.5,36.9,0,0.4,22.3
22/01/2020,94,-7.4,-2.9,-14.4,0,WSW,8.6,21.8,0,0.3,22.1
23/01/2020,95,-7.7,-6.7,-9,0,WNW,10.1,19.3,0.3,0.3,21.9
24/01/2020,95,-6.1,-4.7,-7.2,0,SW,9.6,23.4,0,0.3,21.7
25/01/2020,94,-7,-5.6,-8.2,0,SSE,18.2,28,8.4,0.3,21.5
26/01/2020,100,-8,-7.1,-10.1,0,S,11.6,22,4.6,0.3,21.4
27/01/2020,99,-9.8,-7.9,-10.7,0,W,6.7,17.8,0,0.2,21.3
28/01/2020,93,-11.6,-10,-13.5,0,SSE,11.4,22,1.4,0.2,21.3
29/01/2020,90,-9.2,-7,-10.8,0,SE,9,18,4,0.2,21.2
30/01/2020,100,-6.2,-4.7,-8.6,0,SSE,11.6,27.5,2.4,0.2,21.1
31/01/2020,88,-3.1,0.6,-5.2,0,SW,18.4,42.4,2.8,0.2,21
01/02/2020,85,-4.1,2.3,-12.5,0,SSW,11,29.3,0,0.2,21
02/02/2020,82,-2.3,1.7,-8.3,0,WNW,21.8,56.6,4.9,0.2,20.9
03/02/2020,74,-15.3,-8.9,-22.7,0,W,9.8,35.5,0,0.2,20.8
04/02/2020,76,-16.7,-11.2,-22.7,0,SW,9.3,19.7,0,0.2,20.8
05/02/2020,79,-9.7,-3.4,-18.7,0,SSE,14,24.4,2.4,0.2,20.8
06/02/2020,77,-16.1,-13,-22.1,0,WNW,20.5,36.8,7.9,0.1,20.7
07/02/2020,70,-21.9,-16.2,-27.5,0,SW,9.8,24.1,0,0.1,20.6
08/02/2020,84,-11.2,-7.1,-16,0,S,4.9,18.8,0,0.1,20.5
09/02/2020,86,-9.6,-5.7,-12.4,0,S,8.4,18.3,0,0.1,20.4
10/02/2020,87,-8.5,-5.2,-13.5,0,W,14.9,31.2,5.3,0.1,20.4
11/02/2020,85,-7.7,-1.6,-16.5,0,WSW,18.3,50.7,0.6,0.2,21
12/02/2020,71,-25.3,-13.7,-29.3,0,NW,19.6,43.3,0,0.1,21.2
13/02/2020,65,-23.8,-18,-27.8,0,SW,10.1,20.7,2.9,0.1,21
14/02/2020,82,-15.2,-6.5,-24.5,0,SSE,22.1,49.1,0,0.1,20.8
15/02/2020,76,-13.4,-4.9,-25.7,0,WSW,16.6,43.3,0,0.1,20.6
16/02/2020,78,-19,-11,-28.2,0,SSE,13.6,36.2,0,0.1,20.5
17/02/2020,82,-11.6,-9.3,-16.3,0,W,10.6,22.1,0,0.1,20.2
18/02/2020,68,-17.8,-13.4,-21.3,0,WNW,15.3,30.3,3.2,0,20
19/02/2020,66,-21,-14.8,-25,0,WSW,10.6,18.2,3.9,0,19.8
20/02/2020,74,-11.9,-3.4,-24.4,0,S,14.8,29.5,2.8,0,19.2
21/02/2020,73,-2.9,2.1,-8,0,SW,17.6,39.1,1.9,0,0
22/02/2020,85,-3.6,4.7,-10.7,0,No Data,No Data,No Data,No Data,No Data,No Data
23/02/2020,78,-1.4,2.3,-6.6,0,WSW,20.9,44.6,0,No Data,No Data
24/02/2020,86,-6.2,-2.4,-13.9,0,W,7,22.1,0,No Data,No Data
25/02/2020,81,-10.5,-6.3,-12.4,0,NNW,14.1,28.1,5,No Data,No Data
26/02/2020,83,-13.8,-11.4,-19.7,0,No Data,No Data,No Data,No Data,No Data,No Data
27/02/2020,86,-14.3,-8.8,-21,0,No Data,No Data,No Data,No Data,No Data,No Data
28/02/2020,91,-9.4,-2.2,-19.8,0,SE,12.6,28.8,0,No Data,No Data
29/02/2020,98,-4,0.6,-10,0,SE,17.2,34.8,4,No Data,No Data
01/03/2020,87,-1.6,2.1,-6.2,0,WSW,20.7,52.5,0,No Data,No Data
02/03/2020,89,-4.9,1.9,-13.9,0,SW,18.1,35.6,3.5,No Data,No Data
03/03/2020,81,-4.7,-1,-12.2,0,WNW,12.7,27.4,0,No Data,No Data
04/03/2020,96,-5.2,0.2,-14.1,0,No Data,No Data,No Data,No Data,No Data,No Data
05/03/2020,83,-4.2,-0.9,-13.1,0,WNW,16,35.4,0,No Data,No Data
06/03/2020,88,-3.5,2.8,-15.1,0,SSE,20.4,52.1,0,No Data,No Data
07/03/2020,97,-0.7,1.7,-4,0,ESE,11.6,26,0,No Data,No Data
08/03/2020,87,-8.5,-4.3,-15,0,NW,20.3,34.7,7.3,No Data,No Data
09/03/2020,75,-11.7,-6.4,-18.1,0,WSW,8.6,24.7,0,No Data,No Data
10/03/2020,90,-5.8,3,-14.7,0,S,6.8,16.7,0,No Data,No Data
11/03/2020,94,-0.7,5.8,-6.4,0,S,13.9,35.2,0,No Data,No Data
12/03/2020,80,-1.6,2,-5.9,0,WNW,22.9,39.6,5.1,No Data,No Data
13/03/2020,73,-9.1,-5.7,-12.6,0,NW,17.7,34.4,3.8,No Data,No Data
14/03/2020,82,-12.6,-9.2,-16.6,0,WSW,10,22.7,2.6,No Data,No Data
15/03/2020,87,-7.9,-3.4,-13.3,0,SSE,10.1,24.7,0,No Data,No Data
16/03/2020,74,-6.4,-3,-10.1,0,W,24.4,40,6.1,No Data,No Data
17/03/2020,79,-6.2,-1.9,-11.8,0,SSE,10.9,29.2,0.2,No Data,No Data
18/03/2020,70,-9.9,-7.4,-13.3,0,SSE,18.2,32,7.3,No Data,No Data
19/03/2020,54,-10.9,-8.4,-12.8,0,NW,20,35.1,8.4,No Data,No Data
20/03/2020,60,-12.4,-5.7,-17.5,0,SW,9.6,21.7,0,No Data,No Data
21/03/2020,78,-9.2,-2.6,-17.2,0,SE,13.8,27.7,2.4,No Data,No Data
22/03/2020,90,-2,2.7,-6.5,0,SSE,8.9,19.9,2.8,No Data,No Data
23/03/2020,84,-0.3,6,-6.8,0,S,13.4,28.7,2.9,No Data,No Data
24/03/2020,96,1.6,7.2,-2.4,0,SSW,21.3,36.4,9.7,No Data,No Data
25/03/2020,81,-4.1,-1.3,-6.9,0,SW,15.9,36.8,0,No Data,No Data
26/03/2020,86,0.2,6.5,-5.7,0,S,10.4,26.4,0,No Data,No Data
27/03/2020,80,3.6,10.7,-1.8,0,WSW,15.4,31.4,0,No Data,No Data
28/03/2020,82,2.4,11,-3.8,0,No Data,No Data,No Data,No Data,No Data,No Data
29/03/2020,92,0.6,4.5,-3,0,No Data,No Data,No Data,No Data,No Data,No Data
30/03/2020,87,3.2,11.3,-4,0,No Data,No Data,No Data,No Data,No Data,No Data
31/03/2020,84,5.1,12.6,0.6,0,SE,19.9,37.8,4.4,No Data,No Data
01/04/2020,88,3.6,8.5,-5.6,0,SSE,12.5,36.7,0,No Data,No Data
02/04/2020,93,-7.9,-5.6,-9.4,0,NW,24.5,38.2,13.3,No Data,No Data
03/04/2020,76,-10.1,-6.6,-16.1,0,WNW,19.9,37.9,2.1,No Data,No Data
04/04/2020,77,-8.3,-2,-18.2,0,No Data,No Data,No Data,No Data,No Data,No Data
05/04/2020,85,-1.3,2.3,-7.9,0,No Data,No Data,No Data,No Data,No Data,No Data
06/04/2020,90,3.9,11.1,-0.9,0,E,11.3,24.7,0,No Data,No Data
07/04/2020,81,4.2,10.5,0.6,0,WSW,11.1,32.1,0,No Data,No Data
08/04/2020,75,1.7,4.7,-1.8,0,WNW,24.4,57.7,7.6,No Data,No Data
09/04/2020,80,-1.7,1.9,-5.3,0,W,17.5,40.5,0,No Data,No Data
10/04/2020,74,4.4,11.9,-2.7,0,SW,12.7,36.8,3.6,No Data,No Data
11/04/2020,66,0,2.2,-2.8,0,NNW,17.7,35.3,3.6,No Data,No Data
12/04/2020,67,-3.5,0.5,-6.5,0,NW,12.2,29.7,0,No Data,No Data
13/04/2020,70,-7.5,-4.9,-9.3,0,WNW,15,31.1,4.7,No Data,No Data
14/04/2020,62,-6.5,-2.1,-10.1,0,No Data,No Data,No Data,No Data,No Data,No Data
15/04/2020,57,-2.7,1.9,-7.2,0,No Data,No Data,No Data,No Data,No Data,No Data
16/04/2020,66,-1,3.2,-5,0,No Data,No Data,No Data,No Data,No Data,No Data
17/04/2020,67,4.3,12,-5.6,0,No Data,No Data,No Data,No Data,No Data,No Data
18/04/2020,76,3.1,7,-2,0,NW,15.1,35.6,3.9,No Data,No Data
19/04/2020,61,3.4,10.4,-5.1,0,WSW,17.7,45.3,0,No Data,No Data
20/04/2020,65,1.3,5.2,-4.5,0,NW,17.5,44.4,0,No Data,No Data
21/04/2020,71,-0.1,5.7,-6.7,0,No Data,No Data,No Data,No Data,No Data,No Data
22/04/2020,62,5.9,15.7,-3,0,No Data,No Data,No Data,No Data,No Data,No Data
23/04/2020,64,9.2,17.1,0.3,0,No Data,No Data,No Data,No Data,No Data,No Data
24/04/2020,72,8.2,19.2,-1.3,0,No Data,No Data,No Data,No Data,No Data,No Data
25/04/2020,84,6.1,9.5,1.2,0,No Data,No Data,No Data,No Data,No Data,No Data
26/04/2020,75,9.7,17.2,-1.1,0,No Data,No Data,No Data,No Data,No Data,No Data
27/04/2020,61,10.6,18.5,1.8,0,SW,11.9,32.5,0,No Data,No Data
28/04/2020,90,9.1,14,3,0,SSW,11.7,23.9,0,No Data,No Data
29/04/2020,74,8.7,16.9,1.7,0,W,9.1,26.2,0,No Data,No Data
30/04/2020,66,12.7,22.3,-0.5,0,SSE,13.5,34.7,0,No Data,No Data
01/05/2020,80,12.5,16,8.3,1.6,S,14.2,35.7,0.7,No Data,No Data
02/05/2020,68,7.6,12.7,0.8,0,NW,25.1,46.6,10.6,No Data,No Data
03/05/2020,67,3.7,10.6,-0.7,0,S,14.3,28.9,0.7,No Data,No Data
04/05/2020,75,5.6,12.2,-2.7,0,SE,9.5,26.1,0,No Data,No Data
05/05/2020,69,9.2,15.3,4,0.6,NW,9,25.2,0,No Data,No Data
06/05/2020,51,7.3,13.9,-0.1,0,W,11.9,29.1,0,No Data,No Data
07/05/2020,43,3.1,8.5,-4,0,WNW,16.1,39.9,3.4,No Data,No Data
08/05/2020,49,3.7,10.7,-4.5,0,WSW,8.8,19.7,0,No Data,No Data
09/05/2020,44,4.9,9.6,1.2,0,S,20.1,42.3,0,No Data,No Data
10/05/2020,43,3.2,8.2,-2.6,0,NNW,19.9,39.3,6.5,No Data,No Data
11/05/2020,40,1.5,7.1,-5.1,0,NW,13.1,34.6,0.2,No Data,No Data
12/05/2020,43,4.3,15,-7.8,0,No Data,No Data,No Data,No Data,No Data,No Data
13/05/2020,87,5.7,7.8,-1.7,2.4,No Data,No Data,No Data,No Data,No Data,No Data
14/05/2020,98,6.7,11.8,0.4,1.2,WSW,8.4,23.8,0,No Data,No Data
15/05/2020,74,7.8,16.3,-1,0,No Data,No Data,No Data,No Data,No Data,No Data
16/05/2020,59,13,23.6,0.5,0,S,6.5,25.2,0,No Data,No Data
17/05/2020,50,16.5,27.7,1.7,0,SSE,10.8,32.4,0,No Data,No Data
18/05/2020,41,18.1,27.6,8.1,0,SE,23.1,47.9,4.7,No Data,No Data
19/05/2020,44,18.9,27.9,9.8,0,SSE,25.7,49,6,No Data,No Data
20/05/2020,69,18.9,26.7,9.9,0,SSE,23,43.7,6.5,No Data,No Data
21/05/2020,77,18.6,26.9,12,0,SSE,26.9,48.9,7.1,No Data,No Data
22/05/2020,69,21.2,29.1,14.9,0,SSE,21.8,37.5,8.6,No Data,No Data
23/05/2020,70,20.8,30.8,13.8,21.2,SE,17,38,0,No Data,No Data
24/05/2020,92,15,19.8,11.8,0.4,W,11,28.4,0,0,0
25/05/2020,73,15.8,20.4,11.5,0,No Data,No Data,No Data,No Data,0.2,33
26/05/2020,68,17.6,25.3,11.5,0,No Data,No Data,No Data,No Data,0.7,32.9
27/05/2020,49,19,25.7,11.7,0,WSW,21.3,47.4,4.5,1.5,32.9
28/05/2020,63,11.4,14.3,7.8,0,WNW,21.6,51.7,1.4,2.1,32.9
29/05/2020,77,9.8,14.5,5.2,0,WNW,9.7,29.2,0,2.7,32.9
30/05/2020,49,13,22.3,0,0,No Data,No Data,No Data,No Data,3.1,32.9
31/05/2020,38,18.9,27.8,6.5,0,SSE,17.8,43.2,2.6,3.5,32.8
01/06/2020,45,24.1,32.7,15.5,0,SW,20,46.8,0.5,3.9,32.8
02/06/2020,41,21.7,30.6,13.4,0,W,13.3,40.6,0,4.3,32.8
03/06/2020,44,21.5,30.9,7.3,0,No Data,No Data,No Data,No Data,4.8,32.8
04/06/2020,34,20,27.5,10.6,0,W,24.5,59.4,0,5.4,32.7
05/06/2020,62,14.8,19.8,8.5,0,WSW,16.7,37.2,0,5.8,32.7
06/06/2020,84,12.3,17.1,5.6,4.8,ENE,15.6,32.5,0,6.3,32.7
07/06/2020,96,19.1,28.3,12.2,26.2,ESE,29.5,47.9,4.3,6.6,32.8
08/06/2020,95,21,26.7,16.8,0.2,SSE,13,49.6,0,6.9,33
09/06/2020,87,15.5,18.3,13.4,0,NW,15.1,29.1,3.8,7.2,33.1
10/06/2020,68,15.6,21,11.3,0.4,NW,17.9,43.3,1.6,7.5,33
11/06/2020,73,14.6,21,8.3,0,ESE,9.4,29.2,0,7.7,32.9
12/06/2020,59,13.5,21.7,5.1,0,ENE,10.9,24.4,2.2,7.9,33
13/06/2020,55,17.4,25.6,6.6,0,ESE,21.3,44.1,0,8.2,33
14/06/2020,57,21.3,29.5,13.4,0,SE,32.1,51.5,14.3,8.4,33.1
15/06/2020,51,24,30.5,13.5,0,No Data,No Data,No Data,No Data,8.7,33.2
16/06/2020,59,23.2,31.8,10.3,0.4,No Data,No Data,No Data,No Data,9,33.1
17/06/2020,69,25.8,33,19,2.4,SSW,16.9,70.1,0,9.4,33.1
18/06/2020,91,14.6,22.3,9.1,0.4,W,11.7,31,1.6,9.7,33
19/06/2020,55,16.3,23.3,10.8,0,SW,12.1,34.3,0,10.1,33.1
20/06/2020,87,16.4,23.9,11.1,4.2,S,10.9,40.1,0,10.3,33.2
21/06/2020,84,14.4,18.4,11.4,0.2,WNW,13.3,28.2,0,10.5,33.1
22/06/2020,81,16.3,21,12.3,0,NW,12.4,28.8,1.5,10.6,33
23/06/2020,68,18.5,25,10.1,0,WSW,7.2,25.6,0,10.7,32.8
24/06/2020,61,20.9,29.5,9.2,0,No Data,No Data,No Data,No Data,10.7,32.8
25/06/2020,75,21,28.6,15,0.2,S,11.8,32.1,0,10.9,32.8
26/06/2020,66,22.5,30.1,16,0,W,8.9,25.8,0,11.2,32.7
27/06/2020,56,25.3,33.8,13.6,0,SSE,15.6,34,0,11.4,32.7
28/06/2020,65,26.5,34.2,18.8,0,SE,20.7,42.7,5.3,11.7,32.7
29/06/2020,68,26.6,33.4,20.3,0,ESE,13.6,28.5,0,12.1,32.6
30/06/2020,82,24.9,33.5,18.5,25.2,SE,10.5,44.9,0,12.5,32.5
01/07/2020,83,22.8,27.9,18.4,8.8,SSE,15.1,37.6,0,12.9,32.9
02/07/2020,82,25.1,32,16.8,5,SE,16.1,39.5,0,13.3,33
03/07/2020,72,26.5,35.8,18.2,0.2,SSE,5.5,19,0,13.6,33
04/07/2020,89,23.6,30.4,18.2,7.2,SE,8.7,23.3,0,13.8,32.9
05/07/2020,87,24.2,30.7,19.2,0,SSW,5.4,20.7,0,14.1,32.9
06/07/2020,74,22.1,27.4,16,0,W,6.6,18.4,0,14.3,32.8
07/07/2020,72,23,31.3,13.8,0,S,5.5,13.7,0,14.5,32.9
08/07/2020,79,22.4,27.8,17.7,6.6,SSW,12.1,30.3,0,14.7,32.8
09/07/2020,76,20,25.5,14.8,0,WSW,13.6,33.4,2.1,14.9,32.9
10/07/2020,77,20.8,28.1,14.8,0,SSW,5.3,15.8,0,15,32.9
11/07/2020,78,21.3,26.8,14.4,0,ESE,4.9,17.4,0,15.1,32.8
12/07/2020,78,23.3,30,14.8,0,SSE,7,17.5,0,15.1,32.6
13/07/2020,93,20.1,26.1,14,35,SSE,9,27.8,0,15.3,32.7
14/07/2020,74,18.1,24.5,10.7,0,SW,11.8,30.9,1,15.4,33.1
15/07/2020,75,19,26.4,11.3,0,SW,10.3,28.7,1.5,15.4,33.2
16/07/2020,74,20.7,26.6,14.2,0,WSW,7.3,21.4,0,15.3,33.4
17/07/2020,89,19.1,27.9,12,0.2,SSE,11.2,34.2,0,15.2,33.2
18/07/2020,93,18.8,22.7,15.1,1.8,WSW,8.6,23.1,1.7,15.2,33.1
19/07/2020,75,18,23.4,11.6,0,NW,10.4,23.6,0,15.1,33.1
20/07/2020,81,17.6,25.1,8.2,0,S,3.9,13.1,0,15.1,33.2
21/07/2020,84,19,26.9,12.2,0,S,5.6,20.7,0,15,33.2
22/07/2020,79,18.4,25.6,9.4,0,SSE,10.3,29.6,0,14.9,33.2
23/07/2020,93,19.2,26.8,13.2,0,SE,14.5,32,3.9,14.8,33.2
24/07/2020,88,25.8,32.3,20.2,0,S,11.7,25.2,0,14.8,33.2
25/07/2020,77,25.9,32.9,18.9,0,SW,6.7,20.5,0.1,14.8,33
26/07/2020,66,20.1,25.9,11.3,0,W,9.7,27.1,0,14.9,32.9
27/07/2020,70,19.9,26.2,13,0,W,8.4,24.3,0,15,32.9
28/07/2020,71,20,25.7,12.8,0,WNW,8.5,24,0,15.1,32.9
29/07/2020,77,20.2,29.9,9.5,0,No Data,No Data,No Data,No Data,15.1,32.7
30/07/2020,76,22.2,31.3,12,0,No Data,No Data,No Data,No Data,15.1,32.6
31/07/2020,82,20.5,26.5,14.6,0,W,8.8,26.6,0,15.1,32.5
01/08/2020,77,18.8,24.6,13.9,0.2,WNW,9.9,28.4,0,15.1,32.3
02/08/2020,70,18.2,24.8,11.3,0,S,6.6,21,0,15.1,32.3
03/08/2020,72,18,27.3,8.3,0,No Data,No Data,No Data,No Data,15.1,32.1
04/08/2020,74,18.2,26.3,7,0,No Data,No Data,No Data,No Data,15,31.9
05/08/2020,78,20.5,29.1,11.4,0,SSE,6.4,21.2,0,15,31.4
06/08/2020,80,21.3,30.1,12.2,0,SSE,8,26.9,0,14.9,31.2
07/08/2020,95,20.3,28,13.6,0,SE,10.1,22.1,0,14.8,30.8
08/08/2020,66,21.3,27.8,12.3,0,SW,7.2,20,0,14.8,30.5
09/08/2020,84,17.2,24.5,10,3.8,SSW,6.5,27.9,0,14.8,30.1
10/08/2020,63,17.9,26.5,8.6,0,WSW,11,31.3,0.8,14.9,29.7
11/08/2020,63,19.3,27.5,8.9,0,WSW,6.3,20.5,0,14.8,29.2
12/08/2020,70,21.9,31.5,10.7,0,SE,10.8,30.5,0,14.8,28.8
13/08/2020,96,19.3,25.7,16.4,1,SSE,10.3,30.2,0,14.7,28.4
14/08/2020,100,15.9,18.2,11.6,9.8,NW,8.4,22.4,0,14.7,28
15/08/2020,82,16.9,25.9,9.4,0.2,WSW,5.8,20.4,0,14.7,27.8
16/08/2020,71,17.9,24.4,10.8,0.2,WNW,7.5,20.3,0,14.6,27.5
17/08/2020,71,18.3,27.5,8.5,0,No Data,No Data,No Data,No Data,14.5,27.2
18/08/2020,73,23.6,33.9,11.9,0,S,6.5,18.6,0,14.5,26.9
19/08/2020,70,24.4,32.6,14.1,7.6,WSW,7.3,27.5,0,14.4,26.6
20/08/2020,77,23.4,32.9,15.9,0.2,SSE,4.4,17.9,0,14.5,26.3
21/08/2020,82,23.3,30.9,15.6,0,SSE,6.5,20.9,0,14.6,26
22/08/2020,85,20.9,25.3,15.7,0,WNW,9.7,22.7,0,14.8,25.8
23/08/2020,90,18.1,23.6,11.2,0.2,WSW,6.1,18.4,0,14.8,25.6
24/08/2020,66,20.3,30.7,8.6,0,SSW,6.1,20.6,0,15,25.5
25/08/2020,74,20.3,28.9,10.7,0,SE,9.6,26,0,15,25.3
26/08/2020,79,19.7,24.8,13.9,0,WNW,8.7,22.8,0,15,25.3
27/08/2020,76,18.9,27.3,9.7,0,S,6.4,23.5,0,15.1,25.1
28/08/2020,75,17.9,23.1,12,0,W,10.8,29.1,0,15.1,25
29/08/2020,65,17.9,27.4,10.6,0,SW,7,18.2,0,15.1,25
30/08/2020,91,14.1,19.6,9.8,6.4,SSW,9.5,30.1,0,15.2,24.9
31/08/2020,76,11.9,17.6,5.8,0,WSW,8.5,22.6,0,15.2,24.8
01/09/2020,69,13.6,24.3,3.9,0.2,SW,11,42.3,0,15.1,24.8
02/09/2020,78,14.1,22.2,9.5,6,SW,8.5,21.3,0,14.9,24.7
03/09/2020,67,13.3,18.6,8.3,0.4,WNW,15.3,35.2,1.1,14.7,24.6
04/09/2020,72,12.8,20.8,5.1,0,WSW,6.9,25.2,0,14.5,24.6
05/09/2020,65,16.7,27.7,6,0,SSW,7.7,27.9,0,14.4,24.5
06/09/2020,72,15,21.4,9.5,0,W,17.8,41.9,0.2,14.2,24.5
07/09/2020,80,7.1,10.4,3.1,1,NW,12,33.7,3.9,14.2,24.4
08/09/2020,77,6.2,12.3,1.3,0,No Data,No Data,No Data,No Data,14.1,24.3
09/09/2020,57,8.5,17.2,-1.1,0,S,9.1,30.7,0,13.9,24.3
10/09/2020,49,15.1,25.1,4.2,0,SSW,6.2,19.2,0,13.7,24.2
11/09/2020,53,14.7,23.6,4.2,0,S,12,32.2,2.1,13.5,24.3
12/09/2020,70,13.4,22,4.3,0,W,8.4,25.5,0,13.4,24.1
13/09/2020,76,10.7,15.2,1.7,2.8,WNW,8.3,28.8,0,13.4,24.1
14/09/2020,75,9.7,17.7,-0.1,0,No Data,No Data,No Data,No Data,13.4,24
15/09/2020,72,13.6,18.1,9.8,0,NW,8,22.6,0,13.3,24.1
16/09/2020,66,8.4,12.8,-0.8,0,WNW,11,32.6,0,13.2,24.1
17/09/2020,64,4.8,14.6,-3.2,0,No Data,No Data,No Data,No Data,13.2,24
18/09/2020,55,11.7,23.2,-0.5,0,SSE,12.3,33.8,0,13.1,24
19/09/2020,61,16.4,27.3,4.8,0,SE,9.9,26.1,0,12.9,24
20/09/2020,67,18.4,25.2,12.2,0,SSE,20.2,39.5,7.2,12.8,24
21/09/2020,54,18.7,24.7,9.4,0,WSW,17.5,40.1,0,12.8,24
22/09/2020,52,18,31.1,4.7,0,SSW,9.4,30.6,0,12.9,24
23/09/2020,86,11.1,15.4,6.7,1.6,W,11.6,31.5,2.2,13,23.9
24/09/2020,82,13,22.4,1.5,0,S,15,37.5,0,13.1,23.8
25/09/2020,57,17.3,26.6,9.4,0,SW,8.1,34,0,13.1,23.9
26/09/2020,46,17.1,24.9,8.6,0,SW,7.7,24.1,0,13,23.8
27/09/2020,67,12.6,15.2,10.5,0,WNW,16.4,36.1,4.1,13,23.8
28/09/2020,74,10,13.6,7.5,0,WNW,15.3,35.2,0,13.1,23.9
29/09/2020,71,12.2,20.4,3.7,2.2,W,13,37.8,0,13.1,23.8
30/09/2020,73,8.9,12.8,4.9,0.8,NW,21.2,44,9.2,13,23.8
01/10/2020,78,3.8,8.3,-3.7,0,WNW,10.4,26.9,0,12.9,23.7
02/10/2020,70,3.4,11.4,-4.8,0,No Data,No Data,No Data,No Data,12.8,23.6
03/10/2020,62,4.4,12.9,-4.9,0,SW,3.5,20.4,0,12.5,23.6
04/10/2020,53,10.9,18.8,0.5,0,S,17,38.8,0,12.3,23.6
05/10/2020,57,13.2,21.5,6.7,0,WSW,15.3,40.6,0,12.1,23.5
06/10/2020,63,12.1,19.9,3.9,0,W,12.6,44.6,0,12,23.6
07/10/2020,72,8.1,15,-0.1,0,W,12.9,35.8,0,11.9,23.4
08/10/2020,60,8.9,18.4,-1.9,0,S,14,41.1,0,11.9,23.5
09/10/2020,62,10,17.8,2.2,0,W,14.8,37.1,0,11.8,23.4
10/10/2020,67,7.2,14.6,0.9,0,SE,16.4,39.4,0,11.7,23.4
11/10/2020,55,14,19.4,8.4,0,SSW,27.9,48,7.8,11.6,23.4
12/10/2020,45,9.7,14.9,3.5,0,W,18,38.9,0,11.5,23.3
13/10/2020,45,7.6,13,2.7,0,WSW,21.5,47,3,11.4,23.3
14/10/2020,76,3.9,8.6,-1.9,11.6,WSW,13,37,2.4,11.4,23.3
15/10/2020,64,-0.9,4.5,-7,0,W,14.5,39.7,0,11.3,23.3
16/10/2020,56,-2.5,2.7,-7.8,0,WSW,12.4,29.4,0,11.1,23.2
17/10/2020,60,-2,3,-7.8,0,No Data,No Data,No Data,No Data,10.8,23.1
18/10/2020,58,-1.9,2.1,-8.5,0,W,15.6,32.8,3.8,10.4,23
19/10/2020,65,-4.1,4.1,-10.2,0,SW,7.2,21.6,0,10,23
20/10/2020,89,-4.1,1.3,-11.5,0,ESE,11.5,26.5,0,9.7,22.9
21/10/2020,96,-1.5,0.3,-6.9,0,W,9.6,21.5,0,9.3,22.9
22/10/2020,87,-2.3,1,-6.8,0,WSW,8,21.6,2,9,22.9
23/10/2020,81,-3.9,-0.2,-7.6,0,W,14.9,28.3,5,8.7,22.8
24/10/2020,66,-3.9,-1,-9,0,WNW,10,21.5,2.5,8.4,22.7
25/10/2020,77,-4.2,-1.9,-5.6,0,W,10.1,23.3,0,8.2,22.7
26/10/2020,68,-4.7,-2.1,-7.3,0,SW,16.8,37.2,5.4,7.9,22.7
27/10/2020,86,-2.1,3.8,-9.5,0,SW,13.1,31.6,1.1,7.6,22.7
28/10/2020,86,-0.7,2.4,-3,0.6,WNW,12.2,30.6,0,7.4,22.6
29/10/2020,82,-2.9,-0.9,-6.6,0,SSE,12.3,27.8,0,7.2,22.6
30/10/2020,97,-0.1,3.4,-7.1,0,S,17,41.8,0,7,22.6
31/10/2020,77,0.3,7.2,-5.1,0,W,29.6,57.3,10.1,6.7,22.5
01/11/2020,69,-2.3,3.9,-11.3,0,SW,14.2,28.1,3.5,6.5,22.5
02/11/2020,59,7.9,17.4,-0.9,0,WSW,11.4,23.8,0,6.4,22.4
03/11/2020,59,8.6,20.3,-0.2,0,WSW,10.8,22.6,0.3,6.3,22.5
04/11/2020,59,7.7,19.7,-3.6,0,WSW,13.3,37.2,0,6.2,22.4
05/11/2020,76,5.9,13,-0.7,0,SSW,14.2,36.6,0.4,6.3,22.4
06/11/2020,87,1.6,9.6,-3.1,0,SSW,17.1,28.5,0,6.3,22.4
07/11/2020,85,0.3,4.4,-3.7,0,SSE,15.1,27,2.3,6.4,22.4
08/11/2020,87,4.6,9,0.9,0,SW,15.9,37.7,0.2,6.4,22.4
09/11/2020,65,-4.8,0.6,-7.6,0,WSW,21,36.3,7.9,6.4,22.4
10/11/2020,70,-9.7,-2.7,-15.1,0,SW,7.2,24.2,0,6.3,22.3
11/11/2020,81,-7.9,0.1,-16.2,0,SSE,8.4,22.8,0,6.3,22.3
12/11/2020,85,-12.3,-6.3,-23.5,0,W,13.5,29.6,0,6.1,22.3
13/11/2020,87,-10.2,-2.4,-21.7,0,SE,15.9,28.9,2.4,5.9,22.2
14/11/2020,92,-1.1,2.6,-5.5,0,S,19.5,42.2,5.6,5.7,22.2
15/11/2020,78,-5.2,-1.2,-8.2,0,W,17.2,41.3,0,5.4,22.1
16/11/2020,83,-9.4,-5.7,-13.2,0,W,9.7,25.3,0,5.2,22.2
17/11/2020,86,-8.4,-4.4,-15,0,S,10,25.7,0,5.1,22.1
18/11/2020,86,-0.4,5.8,-6.1,0,SSE,17,33.4,0,4.9,22.1
19/11/2020,90,-2.1,4.6,-4.2,0,W,10.9,27,0,4.7,22
20/11/2020,86,-8.2,-3,-13.1,0,WSW,12.1,27.3,0,4.5,22
21/11/2020,93,-9.3,-2.5,-17.2,0,S,7.9,19.5,0,4.4,21.9
22/11/2020,89,-6.4,-3.8,-11,0,WSW,10,31.7,0,4.3,21.9
23/11/2020,88,-8.1,-3.2,-13.1,0,ESE,18.2,31.2,7.9,4.1,21.9
24/11/2020,98,-2.5,0.2,-10.1,0,SW,8.3,25.8,1.9,4.1,21.8
25/11/2020,98,-3.4,3.1,-11.1,0,SSE,16,38.7,1,4,21.8
26/11/2020,79,-0.1,3.9,-3.5,0,W,17.9,38.2,3.9,3.9,21.7
27/11/2020,78,-2.8,4.2,-11.3,0,SW,13.3,31.2,3.2,3.8,21.6
28/11/2020,91,-1,3.7,-6.3,0,SW,10.4,37.6,0,3.7,21.6
29/11/2020,76,-6.6,-0.6,-13.9,0,W,13.1,36.5,0,3.6,21.5
30/11/2020,79,-6.7,1.5,-14.4,0,SE,15.1,28.2,0.6,3.5,21.5
01/12/2020,79,-3.3,4.8,-10.3,0,SW,13.5,26.9,0.3,3.5,21.5
02/12/2020,72,0.4,4.1,-3.5,0,W,12.7,33,1.7,3.4,21.4
03/12/2020,70,-0.6,4.9,-5.2,0,W,10.7,22.4,1.9,3.3,21.3
04/12/2020,88,-3.6,4.1,-9.8,0,S,3.8,10.6,0,3.2,21.3
05/12/2020,85,-1.4,5.3,-8.2,0,W,8.9,23.1,0,3.1,21.2
06/12/2020,87,-2.3,5.1,-8.3,0,SW,7.3,19.3,0,3.1,21.2
07/12/2020,78,-1.4,5.4,-8.6,0,SW,8,20.8,0,3,21.1
08/12/2020,70,2.6,8,-4.7,0,W,12.1,28,2.5,3,21.1
09/12/2020,83,1.4,4.7,-5.2,0,W,8.1,21.3,0,2.9,21
10/12/2020,99,-0.1,2.2,-2.5,0,W,11.3,27.4,0,2.9,21
11/12/2020,98,-2.9,-2.1,-3.8,0,S,8.9,19.1,0,2.9,21
12/12/2020,99,-4.2,-3.7,-5.4,0,ESE,7.4,17.7,0,2.9,21
13/12/2020,83,-8.9,-3.9,-18.2,0,W,17.2,35.9,7,2.8,21
14/12/2020,74,-18.9,-16,-23.6,0,SSW,10.7,23.4,0,2.7,21
15/12/2020,87,-12.1,-7.9,-16,0,SE,15,25.2,5.8,2.7,21
16/12/2020,96,-4.3,-1.4,-7.9,0,S,13,26.3,0,2.7,20.9
17/12/2020,97,-5.2,-2.9,-11.7,0,S,16.8,44.7,0,2.6,20.8
18/12/2020,80,-8.4,-1.2,-18.2,0,WSW,20.7,45,2.3,2.5,20.7
19/12/2020,78,-7.6,3.2,-18.3,0,S,22.4,47.6,0,2.4,20.6
20/12/2020,90,-5,1.1,-10.2,0,S,14.7,40.3,0,2.3,20.5
21/12/2020,89,-9.8,-4.7,-14.2,0,WSW,13.2,33.8,0,2.3,20.4
22/12/2020,99,-6.7,-2.2,-14.6,0,ESE,17.2,44.9,0,2.3,20.2
23/12/2020,74,-19.5,-10.1,-23.3,0,NW,25.8,47.6,6.6,2.2,20.1
24/12/2020,74,-20.1,-15.3,-24.9,0,WSW,14,32.1,0,2.2,20
25/12/2020,81,-7.6,0.5,-15.9,0,WSW,13,31.2,0,2.1,19.9
26/12/2020,90,-7.2,-5.5,-9.7,0,SSW,6.9,18.1,0,2,19.8
27/12/2020,87,-9.7,-5.6,-15.8,0,WNW,12.9,30.2,2.2,1.9,19.7
28/12/2020,77,-16.3,-13.2,-18,0,SW,11.3,23.1,1.9,1.8,19.5
29/12/2020,91,-10.4,-4.2,-16.8,0,SSW,12.9,28,0,1.7,19.4
30/12/2020,92,-10.2,-7.5,-13.8,0,WSW,13.9,29.8,2.3,1.6,19.3
31/12/2020,90,-11.2,-6.8,-17.6,0,SSE,9.9,19.5,0,1.5,19.2
01/01/2021,93,-7.7,-3.1,-12.5,0,SW,9.2,20,1.8,1.5,19.1
02/01/2021,94,-5.4,2.7,-11.8,0,SSE,15,30.2,0.7,1.3,19
03/01/2021,85,-0.6,3.6,-7,0,SSW,13.7,31.1,3.8,1.3,18.9
04/01/2021,79,-0.6,3.3,-9.2,0,W,15.1,37.8,0,1.2,18.7
05/01/2021,95,-9.3,-5.1,-14.4,0,SE,6.9,21.3,0,1.2,18.6
06/01/2021,98,-5.3,-0.2,-9.3,0,SSE,10,20,0,1.1,18.6
07/01/2021,100,-2.9,0.5,-8,0,SSE,16.2,26.8,9.1,1.1,18.5
08/01/2021,100,-2.7,-1.7,-5.3,0,WSW,6.1,15.2,0,1,18.4
09/01/2021,96,-5.5,-0.3,-12.7,0,SW,6.1,17.9,0,1,18.4
10/01/2021,96,-6.3,-0.4,-12.8,0,SSW,10.2,28.9,0,1,18.2
11/01/2021,100,-4.3,-1.6,-7.1,0,SW,7.1,17.6,0,1,18.2
12/01/2021,90,-5,2.4,-11.5,0,SSW,9.1,25.5,0,0.9,18.2
13/01/2021,94,-3.1,0.9,-9.8,0,SSE,11.3,21.7,0,0.9,18.1
14/01/2021,96,-1,2.7,-4.7,0,W,17.9,39.1,0,0.9,18.1
15/01/2021,91,-6.8,-1.4,-11.9,0,NW,22.9,42.8,4.3,0.8,18
16/01/2021,90,-8.4,-2.1,-12.6,0,WSW,7.2,19.1,0,0.8,18
17/01/2021,89,-8.5,-2.9,-13,0,NNW,14.5,28.8,5.2,0.8,17.9
18/01/2021,82,-16.3,-13.2,-18.4,0,S,10.9,22.6,1,0.8,17.9
19/01/2021,77,-17.2,-11.2,-20.7,0,SW,14.6,30,4.5,0.7,17.8
20/01/2021,81,-0.5,3,-10.9,0,WSW,29.8,55.8,13.4,0.7,17.7
21/01/2021,77,-13.5,-0.8,-18,0,WNW,18.4,43.6,0,0.7,17.7
22/01/2021,80,-10.5,-7.9,-13.8,0,WSW,7.7,19.6,0,0.6,17.6
23/01/2021,81,-8.6,-3,-16.8,0,SW,15.9,38.4,2.8,0.5,17.5
24/01/2021,68,-20,-16.9,-23.3,0,SSW,10.6,35.9,0,0.5,17.4
25/01/2021,74,-22.3,-20.2,-24.1,0,S,12.1,23.1,3.9,0.4,17.3
26/01/2021,72,-26,-22.8,-29.5,0,No Data,No Data,No Data,No Data,0.3,17.3
27/01/2021,No Data,No Data,No Data,No Data,No Data,No Data,No Data,No Data,No Data,0.2,17.2
28/01/2021,74,-16.7,-11.6,-24.9,0,E,7.6,19.2,0,0.1,17.3
29/01/2021,85,-10.4,-6.9,-16,0,ESE,14.9,29.8,4.3,0.1,17.7
30/01/2021,100,-5.8,-4.3,-7.1,0,SSE,6.6,19.7,0,0,0
31/01/2021,95,-6.7,-5.4,-10,0,WNW,9.7,22.3,0,No Data,No Data
01/02/2021,97,-6,-5.1,-7,0,SE,14.2,32.3,0,No Data,No Data
02/02/2021,99,-5.4,-4,-6.9,0,SSE,31.1,46.3,11.4,No Data,No Data
03/02/2021,98,-3.8,-1.6,-6,0,SSW,16.8,31.3,0,No Data,No Data
04/02/2021,81,-12.6,-6,-16.1,0,WNW,23,39.5,11.1,No Data,No Data
05/02/2021,72,-19.2,-16.2,-25,0,NW,20.2,35.4,7.7,No Data,No Data
06/02/2021,62,-26.8,-25,-29.6,0,WNW,22.3,40.7,9.1,No Data,No Data
07/02/2021,No Data,No Data,No Data,No Data,No Data,No Data,No Data,No Data,No Data,No Data,No Data
08/02/2021,No Data,No Data,No Data,No Data,No Data,No Data,No Data,No Data,No Data,No Data,No Data
09/02/2021,60,-24.4,-21.7,-26.3,0,W,21,35.3,5.6,No Data,No Data
10/02/2021,63,-25.6,-22.8,-29.4,0,WNW,13.2,23.1,1.4,No Data,No Data
11/02/2021,No Data,No Data,No Data,No Data,No Data,No Data,No Data,No Data,No Data,No Data,No Data
12/02/2021,No Data,No Data,No Data,No Data,No Data,No Data,No Data,No Data,No Data,No Data,No Data
13/02/2021,No Data,No Data,No Data,No Data,No Data,No Data,No Data,No Data,No Data,No Data,No Data
14/02/2021,No Data,No Data,No Data,No Data,No Data,No Data,No Data,No Data,No Data,No Data,No Data
15/02/2021,62,-23,-14.7,-30.3,0,S,7.6,18.9,0,No Data,No Data
16/02/2021,70,-23.3,-14.2,-29.7,0,SE,9.9,26.1,1.3,No Data,No Data
17/02/2021,71,-21.4,-13.2,-29.5,0,SE,8.9,23.3,0,No Data,No Data
18/02/2021,77,-15,-9.4,-22.2,0,SSW,6.8,18.3,0,No Data,No Data
19/02/2021,75,-17.5,-8.4,-26.3,0,S,6.3,20.2,0,No Data,No Data
20/02/2021,82,-9.6,0.1,-19,0,S,14.4,24.8,4.5,No Data,No Data
21/02/2021,84,-4.6,3,-14.4,0,SSW,10.6,20.3,2,No Data,No Data
22/02/2021,75,3,6.7,-1.3,0,WSW,25.3,45.5,6,No Data,No Data
23/02/2021,85,-2.7,2.2,-8.2,0,WNW,12.6,33.8,0,No Data,No Data
24/02/2021,85,-9.8,-5.6,-15.3,0,SSW,5.2,14.7,0,No Data,No Data
25/02/2021,84,-2.9,2.2,-11.1,0,SSW,17.4,38.3,5.2,No Data,No Data
26/02/2021,79,-3.2,3.9,-18.9,0,W,18.6,31.8,7.1,No Data,No Data
27/02/2021,75,-21,-18.9,-25.8,0,NW,13.8,31,0,No Data,No Data
28/02/2021,69,-17,-10.5,-25.2,0,WNW,12.7,27.4,0,No Data,No Data
01/03/2021,70,-17.5,-9.2,-29.5,0,SSW,17.4,42.9,0,No Data,No Data
02/03/2021,82,-2.1,6.8,-9.4,0,WSW,16.2,42,0,No Data,No Data
03/03/2021,82,-4.5,3.6,-12.4,0,ESE,9.8,26,0,No Data,No Data
04/03/2021,89,-0.6,7.2,-8.2,0,E,6.5,15.3,0,No Data,No Data
05/03/2021,82,1.1,9.8,-4.8,0,S,7.3,16.4,0,No Data,No Data
06/03/2021,79,2.1,10,-3.1,0,SE,21.3,43.5,1.5,No Data,No Data
07/03/2021,81,3.9,8.4,0.4,0,SW,22.4,41.3,7.1,No Data,No Data
08/03/2021,71,5.3,13.6,-3.4,0,SSW,10.9,30.5,0,No Data,No Data
09/03/2021,89,2,6.8,-4.1,0,SSW,19.2,38.1,2.9,No Data,No Data
10/03/2021,88,-3.6,0.6,-6.3,0,NW,14.3,28.9,4.6,No Data,No Data
11/03/2021,73,-6.6,-3.1,-11.4,0,NW,14.3,34.3,0.2,No Data,No Data
12/03/2021,64,-3.1,8,-14.4,0,SSW,14.2,34.2,0,No Data,No Data
13/03/2021,56,3.2,10.1,-3.2,0,W,10.6,26.4,0,No Data,No Data
14/03/2021,53,-0.1,8.4,-6.9,0,ESE,11.1,24.7,0,No Data,No Data
15/03/2021,63,-0.6,7.3,-8.3,0,SSE,15.6,34.5,0,No Data,No Data
16/03/2021,73,1.9,8.2,-5.5,0,S,9.6,23.1,0,No Data,No Data
17/03/2021,64,2.1,7.7,-4.3,0,NW,9.1,27.7,0,No Data,No Data
18/03/2021,56,1.6,12.2,-9.4,0,SSW,9.8,29.4,0,No Data,No Data
19/03/2021,60,5.8,15.8,-4.3,0,S,22.2,41.7,3.6,No Data,No Data
20/03/2021,66,7.6,18.2,-1.4,0,SSE,17.7,36.9,0,No Data,No Data
21/03/2021,60,6.9,15,0.9,0,W,13.7,41.3,0,No Data,No Data
22/03/2021,46,3.4,10.9,-6.1,0,S,12,29.4,0,No Data,No Data
23/03/2021,75,-0.5,4.6,-7.1,0,W,16.8,36.2,0,No Data,No Data
24/03/2021,67,-5.2,1.7,-9.4,0,NNW,15.1,30.9,0,No Data,No Data
25/03/2021,64,1.5,12.9,-11.1,0,No Data,No Data,No Data,No Data,No Data,No Data
26/03/2021,81,2.6,7.7,-4,0,S,14.9,35.1,0,No Data,No Data
27/03/2021,61,-0.9,3.3,-6.5,0,NW,9,27.3,0,No Data,No Data
28/03/2021,55,-0.5,7.4,-12.3,0,S,18.9,43,0,No Data,No Data
29/03/2021,57,6.4,19.2,-2.4,0,S,30.4,54.3,13,No Data,No Data
30/03/2021,70,-7.6,-2.1,-10.4,0,NW,26.9,58.5,6.8,No Data,No Data
31/03/2021,59,-7.4,0.1,-13.5,0,W,10.8,26.5,0,No Data,No Data
01/04/2021,38,3.9,15.8,-11.9,0,SSE,25.9,50.2,0.2,No Data,No Data
02/04/2021,41,7.7,17.5,-1.3,0,SW,19.7,40.1,0,No Data,No Data
03/04/2021,38,7.7,19.2,-5.6,0,SE,13.8,32.5,0,No Data,No Data
04/04/2021,37,9.7,18.5,1,0,SSE,15.4,31.7,0.5,No Data,No Data
05/04/2021,45,7.2,15.8,-1.5,0,WSW,13,36.2,0,No Data,No Data
06/04/2021,50,4.8,15,-6.9,0,SW,6.9,23.7,0,No Data,No Data
07/04/2021,38,7,17.4,-5.7,0,SE,10.9,35.9,0,No Data,No Data
08/04/2021,62,6.1,12,0.8,0,ESE,15.1,30.6,5.6,No Data,No Data
09/04/2021,75,5.3,10.6,-0.5,0,NW,16.5,37.2,4.8,No Data,No Data
10/04/2021,53,6.8,18.2,-7.1,0,S,7.9,25.6,0,No Data,No Data
11/04/2021,64,5.5,12.7,-3.7,0,ENE,16.1,33.7,0,No Data,No Data
12/04/2021,100,-2.2,1.9,-4.7,0,WNW,22.2,37.2,9.9,No Data,No Data
13/04/2021,100,-3.7,-2.6,-4.7,0,NNW,22,36.8,13.2,No Data,No Data
14/04/2021,84,-2.7,-1.3,-4.1,0.2,NNW,18.2,32.5,8.5,No Data,No Data
15/04/2021,78,0.8,3.8,-1.6,0,NW,10.4,16,4,No Data,No Data
16/04/2021,67,3.5,8.6,-2.8,0,NW,11.5,24.7,1.4,No Data,No Data
17/04/2021,62,5.3,13.9,-3.9,0,WSW,7.8,23.8,0,No Data,No Data
18/04/2021,80,-0.7,4.4,-3.2,0.6,NW,21.8,49.5,0,No Data,No Data
19/04/2021,58,-2.2,2.1,-6.7,0,NW,14.8,33.4,0.2,No Data,No Data
20/04/2021,62,-1.5,2.3,-5.8,0,NW,12.3,31,2.5,No Data,No Data
21/04/2021,54,5.8,15.6,-5.4,0,SW,10.5,35.5,0,No Data,No Data
22/04/2021,40,9.6,20.5,-2.7,0,WSW,19.1,42.4,1.6,No Data,No Data
23/04/2021,54,-1.4,3.6,-9.8,0,NW,18.3,38.4,1.4,No Data,No Data
24/04/2021,38,0.9,10.3,-11.9,0,SW,7.7,24.3,0,No Data,No Data
25/04/2021,50,4.6,11.5,-3.5,0,SSE,15.8,34.1,0,No Data,No Data
26/04/2021,73,5.2,11.4,-0.7,0,SSE,10,28.2,0,No Data,No Data
27/04/2021,55,8.8,20.6,-4.4,0,SSE,6.4,18.6,0,No Data,No Data
28/04/2021,55,4.1,11.3,-2.2,0,NW,15.4,33.6,0,No Data,No Data
29/04/2021,59,3.4,11.7,-7.4,0,W,13.3,44.9,0,No Data,No Data
30/04/2021,42,5.1,13.3,-9.1,0,S,19.9,47.2,0,No Data,No Data
01/05/2021,37,15.4,25.7,4.3,0,SSW,13.3,41.5,0,No Data,No Data
02/05/2021,80,6.3,11.2,2.7,6.8,WNW,15.2,30.3,1.8,No Data,No Data
03/05/2021,71,4.1,8.9,0.1,0,NW,19,35.7,4.4,No Data,No Data
04/05/2021,56,4.4,10.5,-3.5,0,WSW,11,28.3,0,No Data,No Data
05/05/2021,48,4.1,11.7,-4.7,0,WSW,8.6,27.1,0,No Data,No Data
06/05/2021,40,6.5,13.8,-3.3,0,WSW,16.2,42.3,0.5,No Data,No Data
07/05/2021,46,7,15.1,-3.2,0,S,10.6,26.3,0,No Data,No Data
08/05/2021,40,6.5,13.9,-3.2,0,ESE,13.9,38.9,0,No Data,No Data
09/05/2021,43,5.8,13.1,-2.2,0,ESE,17.9,37.6,4.6,No Data,No Data
10/05/2021,43,6.6,15.2,-2.9,0,SW,7.2,21.2,0,No Data,No Data
11/05/2021,30,10.5,22.1,-4.8,0,S,5.6,17.8,0,0,0
12/05/2021,26,14.2,25.6,0.3,0,S,11,33.3,0,0,0
13/05/2021,35,15.3,26.4,1,0,S,9.8,36.7,0,0.2,27.5
14/05/2021,51,14.7,27.9,4,0,SSE,9.4,42.8,0,0.3,25.5
15/05/2021,53,15.7,27.5,1.7,0,SSE,9.4,43.8,0,0.4,24.5
16/05/2021,38,21.4,31.6,7.8,0,SSW,18.3,46.6,1.4,0.7,24.4
17/05/2021,38,21.4,31.8,6,0,SSW,16.4,43.9,0,1.1,24.2
18/05/2021,45,22,29.7,11.3,0,S,24.2,49.7,4.7,1.6,23.9
19/05/2021,64,20.5,26.5,15.1,2.8,SSW,16.2,36.2,0,2.1,23.6
20/05/2021,89,10.2,16,7.1,14.8,SE,23.5,37.5,1.2,2.8,23.4
21/05/2021,100,7.4,10,5,1.8,S,17,30.8,3.7,3.4,23.3
22/05/2021,98,6.3,9.4,3.1,8.2,WNW,15.8,38,4.9,3.8,23.3
23/05/2021,100,10.6,14.3,7.3,0,E,14.9,27,6.8,4,23.5
24/05/2021,68,18.6,27.6,10.5,0,S,22.9,49.8,0,4.1,23.6
25/05/2021,70,12.3,19.6,3.2,0,WSW,24.2,48,5.4,4.3,23.6
26/05/2021,64,4.4,9.2,0.1,0,NW,14.2,32.2,2,4.7,23.7
27/05/2021,46,7.5,17.5,-1.3,0,ESE,10.1,25.4,0,5,23.7
28/05/2021,37,12.1,21.4,-2.2,0,SSE,18.9,46,0.6,5.2,23.6
29/05/2021,53,16.4,26.8,9.5,0.6,SSW,21.3,44.8,4.1,5.3,23.6
30/05/2021,60,14.9,22.4,8,0,WNW,15.8,31,5.4,5.6,23.7
31/05/2021,53,15.7,26.1,2.2,0,WSW,6.4,23.6,0,5.9,23.7
01/06/2021,50,19.4,30.8,8.5,3,SSW,13.9,42.6,0,6.2,23.7
02/06/2021,53,21.6,31,9.9,0.2,SW,7.5,24.1,0,6.6,23.7
03/06/2021,44,25.4,31.9,16.6,0,SSW,9.7,28.2,0,7.1,23.7
04/06/2021,39,28.5,39.2,16.1,0,SW,17.8,44.1,3.3,7.6,23.7
05/06/2021,54,25.7,38.8,14.1,4,S,13.5,71.4,0,8.2,23.7
06/06/2021,65,21.1,26.6,12.6,4.6,SW,19.3,50.9,0.6,8.8,23.7
07/06/2021,51,20.7,30.4,9.2,0,SE,9,24.6,0,9.4,23.7
08/06/2021,53,23.5,31.5,13.8,0.2,ENE,12.3,24.2,1.5,9.8,23.8
09/06/2021,96,20.4,24.7,17.4,38.8,SW,15.9,34.3,0,10.1,23.9
10/06/2021,98,18.5,21.2,16.8,0,ESE,12.6,27.3,2.8,10.5,24.3
11/06/2021,87,18.7,24.3,16.7,16,S,29.3,75.6,0,10.8,24.6
12/06/2021,56,21.1,27.5,15,0,WSW,22.9,42.5,0,11,25
13/06/2021,56,21.8,28.7,14.8,0.4,SW,10.5,30.8,0,11.1,25.2
14/06/2021,51,21.6,28.8,12.6,0,SW,10.6,27.6,0.3,11.3,25.3
15/06/2021,56,22,30.2,10.7,0,SSE,11.2,27.9,0,11.5,25.3
16/06/2021,61,23,33,14.9,2,SSW,19.4,47.1,5.5,11.8,25.4
17/06/2021,43,22.6,30.3,11.1,0,W,18.6,42.8,0,12.1,25.4
18/06/2021,59,17.1,21.1,9.9,1.4,WNW,14.1,29.3,0,12.4,25.3
19/06/2021,72,16.6,24,7.7,0,SW,8,29.1,0,12.6,25.3
20/06/2021,61,16.2,19.2,9.7,0,NW,17.3,41,4,12.7,25.3
21/06/2021,60,12.2,18.3,6.5,0,W,11.8,33.7,0.5,12.8,25.3
22/06/2021,48,18.9,27.4,5.5,0,SSW,12.8,34.3,0.1,12.8,25.2
23/06/2021,44,24,32.1,13.7,0,WSW,17.5,41.4,0,12.8,25.2
24/06/2021,57,20.4,27.1,12.2,0,W,9,26.6,0,12.8,25.2
25/06/2021,71,19.2,26.5,13.5,0,SW,11.6,26.2,0,13,25.1
26/06/2021,73,20.7,28.5,11.8,0,SSW,8.6,28.9,0,13.2,25.1
27/06/2021,84,18.6,23.7,13.7,5.8,WNW,8.5,30.7,0,13.3,25
28/06/2021,72,19.6,25.1,12.2,0,NW,10.2,24.2,0,13.4,25
29/06/2021,68,21.9,30.3,10.8,0,W,8.6,23.9,0.2,13.6,24.9
30/06/2021,54,25.6,32.5,17.5,0,SW,9.9,21.9,0,13.7,24.9
01/07/2021,53,23.7,32.5,12.3,0,SSW,5,18.1,0,13.9,24.8
02/07/2021,54,27,37.5,13.2,0,S,6.4,19.4,0,14.2,24.7
03/07/2021,69,25.8,36.6,16.3,3.6,SSE,13.1,33,1.2,14.6,24.6
04/07/2021,75,24.3,31.6,16.9,0.2,W,8.9,28.9,0,14.9,24.5
05/07/2021,72,21.5,26.9,15,0,WSW,10,24.2,0,15.2,24.5
06/07/2021,76,14,16.8,10.5,0,SE,9.7,22.2,0,15.4,24.4
07/07/2021,68,16.4,25.9,7.3,0,SW,4.8,18.8,0,15.5,24.2
08/07/2021,68,19.5,30.2,7.9,0,SE,6.3,17.9,0,15.5,24.1
09/07/2021,61,22.5,32.8,11.8,0,SSE,6.2,20.4,0,15.5,24
10/07/2021,59,25,34.3,13,0,SW,4.9,18.3,0,15.4,23.8
11/07/2021,56,27.1,37.1,15.2,0,SW,8.1,30.3,0,15.5,23.6
12/07/2021,66,23.1,31.6,14.3,0.6,SW,10.2,31.2,0,15.7,23.4
13/07/2021,68,21.1,27.1,13.2,0,W,8.5,20.9,0,15.8,23.1
14/07/2021,59,21.8,30.6,13.6,0,S,4.4,19.9,0,16,22.8
15/07/2021,65,23.6,33.2,14.6,0.8,SSE,8.4,26.6,0,16.1,22.6
16/07/2021,62,24.8,33.3,14.4,0,SSE,10.3,28.9,1,16.2,22.3
17/07/2021,65,24.1,33.2,14.3,0,SE,8.1,23.9,0,16.2,22.1
18/07/2021,73,24.6,34.4,14.3,3.8,SSE,8.7,25.8,0,16.3,21.9
19/07/2021,95,20.2,23.5,17.8,5.4,WSW,7.5,29.7,0,16.4,21.7
20/07/2021,99,19.7,24,16.3,2,ESE,5.7,16.4,0,16.5,21.4
21/07/2021,99,21.5,25.8,18.9,1.4,ESE,10.6,25.3,0,16.5,21.3
22/07/2021,85,25.1,32.7,17.9,0,ESE,4.8,14.8,0,16.4,21.1
23/07/2021,68,26.1,32.5,14.8,0.2,W,8.8,27.2,0,16.3,21
24/07/2021,57,21.6,29.7,11.9,0,W,12.9,33.3,0,16.4,20.9
25/07/2021,48,22.9,31.2,14.1,0,W,10.6,27.9,0,16.4,20.7
26/07/2021,64,22.1,30.2,14.7,0.4,SSE,4.6,19.2,0,16.5,20.5
27/07/2021,67,22.1,32.1,9.9,0,SSE,5.2,17,0,16.5,20.3
28/07/2021,65,22.5,29.5,16.2,0,W,11.4,33.4,0,16.5,20.1
29/07/2021,62,21.4,29.7,11.2,0,WSW,5.6,16.6,0,16.5,20
30/07/2021,58,23.5,32.4,13.4,0,SW,9.6,25.3,1.5,16.5,19.8
31/07/2021,61,20.9,26.1,14,0,NW,12.4,29.3,0.7,16.6,19.7
01/08/2021,58,19.9,29.5,11.1,0,W,4.9,16.9,0,16.6,19.5
02/08/2021,65,21.6,30.5,10.6,0,WSW,5.2,17.6,0,16.6,19.4
03/08/2021,55,25,34.3,14.5,0,SW,6.3,16,0,16.6,19.3
04/08/2021,66,23.3,26.7,17.9,0,SSW,9.5,26.5,0,16.6,19.1
05/08/2021,83,18.8,22.8,10.1,0,WNW,12,28.4,0,16.6,19
06/08/2021,72,17.8,28.1,6.7,0,SE,3.7,12.7,0,16.6,18.9
07/08/2021,68,21.7,32.6,8.2,0,SE,6.1,18.6,0,16.5,18.8
08/08/2021,66,26.4,36.3,17.3,0,S,10.7,26.6,0,16.4,18.7
09/08/2021,94,19.6,24,17,12.6,SSW,9.2,30.3,0,16.4,18.6
10/08/2021,78,20.3,27.1,15.6,0.8,WSW,13,33,0,16.5,18.5
11/08/2021,70,18.1,24.8,12.1,0.8,WSW,15.1,34.3,4,16.4,18.4
12/08/2021,64,15.5,21.2,7.3,0,W,14.9,35.5,0,16.4,18.4
13/08/2021,65,15.5,24.3,5.8,0,WSW,8.5,23.7,0,16.2,18.3
14/08/2021,60,21.9,34.4,8.6,0,SSW,5,19.1,0,16,18.2
15/08/2021,66,25.6,37.9,13,0,SSE,9.4,26,0,15.8,18.1
16/08/2021,62,28,35.7,20.6,0,SSE,13.7,32.7,2.1,15.8,18
17/08/2021,70,23.7,29.5,18.7,0,SE,9.1,21.4,0,15.9,18
18/08/2021,66,22.6,32.5,16.7,0,SSW,10.2,22.9,0.4,16.1,17.8
19/08/2021,87,17.4,21.1,13.7,0,NW,8.6,20,0,16.2,17.8
20/08/2021,100,15.3,17.7,13,24.4,WSW,9.6,29.5,0,16.3,17.7
21/08/2021,84,15.2,22.4,10.4,2.8,WSW,16.5,41.8,0,16.3,17.7
22/08/2021,94,14.7,20.8,7.7,13.2,SE,9.8,27,0,16.2,17.7
23/08/2021,87,16.2,19.1,11.9,0,W,13.5,28.8,1.3,15.9,17.6
24/08/2021,97,14.3,19.9,10.9,5.4,S,8.4,24.1,0,15.7,17.6
25/08/2021,81,13.7,19.4,8.8,0,NW,8.8,20.3,0.2,15.5,17.6
26/08/2021,82,13.2,20.3,6.9,0,ESE,5.7,16.6,0,15.2,17.5
27/08/2021,97,13.7,17.5,9,9.2,E,5.4,20.3,0,15.1,17.5
28/08/2021,94,18,24.8,14.9,12,S,4,19.2,0,14.9,17.4
29/08/2021,85,16.5,21.8,11.1,0,W,9.8,27.3,0,14.7,17.4
30/08/2021,77,17.6,26.7,8.1,0,SSE,3.5,13.7,0,14.7,17.4
31/08/2021,74,18.8,27.7,8.9,0,ESE,6.3,15.9,0,14.6,17.4
01/09/2021,74,20.2,27.1,12.5,0,SE,11.9,30.1,2.8,14.6,17.4
02/09/2021,91,18.6,21.5,14.5,4,SSE,9,24.5,0,14.7,17.4
03/09/2021,80,17.3,23.2,9.8,0,WSW,7.2,23,0,14.7,17.4
04/09/2021,81,15.9,21.8,10.1,0,WNW,8.8,26.4,0.8,14.8,17.4
05/09/2021,79,15.1,21.4,9.8,0,SW,7,23.1,0,14.8,17.4
06/09/2021,72,17.7,26.8,11.8,0.2,SW,10.2,24.4,1.3,14.7,17.3
07/09/2021,60,17.9,25.1,12.7,0,WNW,14.5,38.2,4.2,14.6,17.3
08/09/2021,68,16.4,22.4,8.4,0,NW,11.5,31.9,0,14.6,17.2
09/09/2021,77,15.2,24.4,6.3,0,SSE,5.4,18.7,0,14.5,17.3
10/09/2021,67,19.4,30,10.8,0,W,8.4,27.3,0,14.5,17.3
11/09/2021,65,14.4,20,8.8,0,NW,9.4,26.9,0.9,14.5,17.2
12/09/2021,66,15,21.1,10.6,0,WSW,4.6,17.7,0,14.5,17.2
13/09/2021,71,16.1,22.5,9.5,0,SSE,9.5,21.5,0.2,14.5,17.2
14/09/2021,57,15.5,23.7,5.7,0,W,11.1,30.9,0,14.5,17.1
15/09/2021,72,14.9,26.2,3.4,0,SSE,10.6,36.7,0,14.5,17.2
16/09/2021,85,11.6,13.6,9.2,3.6,WSW,8.2,17.6,0,14.4,17.1
17/09/2021,69,10.9,18.6,4,0,SW,11,28.7,0,14.3,17
18/09/2021,60,17.1,27.4,4.2,0,SE,14.2,34.5,3.2,14.2,17
19/09/2021,59,21.7,29.9,16,0,SW,13.3,27,3.1,13.9,16.9
20/09/2021,80,14.6,18.7,8.1,4.8,NW,8.9,20.1,1.9,13.9,16.9
21/09/2021,73,12,21.3,4.2,0,WSW,7.6,27.4,0.3,13.9,16.9
22/09/2021,62,15.4,26.4,4.1,0,S,11.4,33.8,0,13.9,16.9
23/09/2021,58,16.4,23.7,9.3,0,WSW,11,32.6,0,13.8,16.8
24/09/2021,49,11.6,16.6,4.3,0,WNW,15,41.4,0,13.7,16.8
25/09/2021,50,16.5,27.3,5.5,0,SSW,8.6,30.6,0,13.6,16.8
26/09/2021,61,15,22.7,6.4,0,SW,7.2,21.4,0,13.6,16.8
27/09/2021,66,14.6,25.9,2.3,0,SSE,8.6,27.1,0,13.6,16.8
28/09/2021,63,20.2,30.9,10.2,0,SE,9.6,24.1,1.9,13.6,16.7
29/09/2021,66,21.6,31.8,15.1,1.6,S,14.2,44.2,0,13.6,16.7
30/09/2021,87,16.6,21.1,9.6,0,NW,9.7,23.3,0.2,13.6,16.7
01/10/2021,82,13.4,20.1,7.8,0,WNW,6.9,23.2,0,13.7,16.7
02/10/2021,71,13.6,24,2.5,0,W,4.6,14.7,0,13.8,16.7
03/10/2021,68,14.2,25.9,3.1,0,SSW,8.1,25.8,0,13.8,16.6
04/10/2021,49,16,27.9,6.6,0,SSW,7.2,16.5,0,13.8,16.7
05/10/2021,51,19.2,30.7,6.7,0,SE,18.5,48.1,1.2,13.7,16.7
06/10/2021,56,19.8,30.9,10.8,0,SSE,18.8,38.7,7.8,13.7,16.7
07/10/2021,75,18,26.6,11.8,0,S,14.5,31.9,0,13.7,16.7
08/10/2021,96,12.9,16.5,10.3,0.4,NNW,11.9,25.1,2.3,13.8,16.6
